Added Component: Designator=C1(CAP_0805)
Add component (AddParameter): Name = "Alternate Part Number-1"; Value = "GRM2195C1H103JA01D"; VariantName = "[No Variations]"
Add component (AddParameter): Name = "Case/Package"; Value = "0805"; VariantName = "[No Variations]"
Add component (AddParameter): Name = "Manufacturer"; Value = "Samsung"; VariantName = "[No Variations]"
Add component (AddParameter): Name = "Manufacturer Part Number"; Value = "C0805C103K5RECAUTO"; VariantName = "[No Variations]"
Add component (AddParameter): Name = "Supplier Part Number-1"; Value = "0805B103K500CT"; VariantName = "[No Variations]"
Add component (AddParameter): Name = "Supplier-1"; Value = "SIRICOM"; VariantName = "[No Variations]"
Added Component: Designator=C2(CAP_0805)
Add component (AddParameter): Name = "Alternate Part Number-1"; Value = "NA"; VariantName = "[No Variations]"
Add component (AddParameter): Name = "Case/Package"; Value = "0805"; VariantName = "[No Variations]"
Add component (AddParameter): Name = "Manufacturer"; Value = "AVX Corporation"; VariantName = "[No Variations]"
Add component (AddParameter): Name = "Manufacturer Part Number"; Value = "08055A200KAT2A"; VariantName = "[No Variations]"
Add component (AddParameter): Name = "Supplier Part Number-1"; Value = "478-11887-1-ND - Cut Tape (CT)"; VariantName = "[No Variations]"
Add component (AddParameter): Name = "Supplier-1"; Value = "Digikey"; VariantName = "[No Variations]"
Added Component: Designator=C3(CAP_1206)
Add component (AddParameter): Name = "Alternate Part Number-1"; Value = "GRT31CR61H106ME01L"; VariantName = "[No Variations]"
Add component (AddParameter): Name = "Case/Package"; Value = "1206"; VariantName = "[No Variations]"
Add component (AddParameter): Name = "Manufacturer"; Value = "KEMET"; VariantName = "[No Variations]"
Add component (AddParameter): Name = "Manufacturer Part Number"; Value = "CL31B106KBHNNNE"; VariantName = "[No Variations]"
Add component (AddParameter): Name = "Supplier Part Number-1"; Value = "CC1206KKX5R9BB106"; VariantName = "[No Variations]"
Add component (AddParameter): Name = "Supplier-1"; Value = "SIRICOM"; VariantName = "[No Variations]"
Added Component: Designator=C4(CAP_0805)
Add component (AddParameter): Name = "Alternate Part Number-1"; Value = "0805F105M500NT"; VariantName = "[No Variations]"
Add component (AddParameter): Name = "Case/Package"; Value = "0805"; VariantName = "[No Variations]"
Add component (AddParameter): Name = "Manufacturer"; Value = "Samsung"; VariantName = "[No Variations]"
Add component (AddParameter): Name = "Manufacturer Part Number"; Value = "CC0805JKX7R9BB105"; VariantName = "[No Variations]"
Add component (AddParameter): Name = "Supplier Part Number-1"; Value = "CL21B105KBFNNNE"; VariantName = "[No Variations]"
Add component (AddParameter): Name = "Supplier-1"; Value = "SIRICOM"; VariantName = "[No Variations]"
Added Component: Designator=C5(CAP_0805)
Add component (AddParameter): Name = "Alternate Part Number-1"; Value = "0805B104M500"; VariantName = "[No Variations]"
Add component (AddParameter): Name = "Case/Package"; Value = "0805"; VariantName = "[No Variations]"
Add component (AddParameter): Name = "Manufacturer"; Value = "AVX Corporation"; VariantName = "[No Variations]"
Add component (AddParameter): Name = "Manufacturer Part Number"; Value = "08055C104JAT4A"; VariantName = "[No Variations]"
Add component (AddParameter): Name = "Supplier Part Number-1"; Value = "0805B104J500CT"; VariantName = "[No Variations]"
Add component (AddParameter): Name = "Supplier-1"; Value = "SIRICOM"; VariantName = "[No Variations]"
Added Component: Designator=C6(CAP_0805)
Add component (AddParameter): Name = "Alternate Part Number-1"; Value = "GRM2195C1H103JA01D"; VariantName = "[No Variations]"
Add component (AddParameter): Name = "Case/Package"; Value = "0805"; VariantName = "[No Variations]"
Add component (AddParameter): Name = "Manufacturer"; Value = "Samsung"; VariantName = "[No Variations]"
Add component (AddParameter): Name = "Manufacturer Part Number"; Value = "C0805C103K5RECAUTO"; VariantName = "[No Variations]"
Add component (AddParameter): Name = "Supplier Part Number-1"; Value = "0805B103K500CT"; VariantName = "[No Variations]"
Add component (AddParameter): Name = "Supplier-1"; Value = "SIRICOM"; VariantName = "[No Variations]"
Added Component: Designator=C7(CAP_1206)
Add component (AddParameter): Name = "Alternate Part Number-1"; Value = "GRT31CR61H106ME01L"; VariantName = "[No Variations]"
Add component (AddParameter): Name = "Case/Package"; Value = "1206"; VariantName = "[No Variations]"
Add component (AddParameter): Name = "Manufacturer"; Value = "KEMET"; VariantName = "[No Variations]"
Add component (AddParameter): Name = "Manufacturer Part Number"; Value = "CL31B106KBHNNNE"; VariantName = "[No Variations]"
Add component (AddParameter): Name = "Supplier Part Number-1"; Value = "CC1206KKX5R9BB106"; VariantName = "[No Variations]"
Add component (AddParameter): Name = "Supplier-1"; Value = "SIRICOM"; VariantName = "[No Variations]"
Added Component: Designator=C8(CAP_0805)
Add component (AddParameter): Name = "Alternate Part Number-1"; Value = "0805F105M500NT"; VariantName = "[No Variations]"
Add component (AddParameter): Name = "Case/Package"; Value = "0805"; VariantName = "[No Variations]"
Add component (AddParameter): Name = "Manufacturer"; Value = "Samsung"; VariantName = "[No Variations]"
Add component (AddParameter): Name = "Manufacturer Part Number"; Value = "CC0805JKX7R9BB105"; VariantName = "[No Variations]"
Add component (AddParameter): Name = "Supplier Part Number-1"; Value = "CL21B105KBFNNNE"; VariantName = "[No Variations]"
Add component (AddParameter): Name = "Supplier-1"; Value = "SIRICOM"; VariantName = "[No Variations]"
Added Component: Designator=C9(CAP_0805)
Add component (AddParameter): Name = "Alternate Part Number-1"; Value = "0805B104M500"; VariantName = "[No Variations]"
Add component (AddParameter): Name = "Case/Package"; Value = "0805"; VariantName = "[No Variations]"
Add component (AddParameter): Name = "Manufacturer"; Value = "AVX Corporation"; VariantName = "[No Variations]"
Add component (AddParameter): Name = "Manufacturer Part Number"; Value = "08055C104JAT4A"; VariantName = "[No Variations]"
Add component (AddParameter): Name = "Supplier Part Number-1"; Value = "0805B104J500CT"; VariantName = "[No Variations]"
Add component (AddParameter): Name = "Supplier-1"; Value = "SIRICOM"; VariantName = "[No Variations]"
Added Component: Designator=C10(CAP_0805)
Add component (AddParameter): Name = "Alternate Part Number-1"; Value = "GRM2195C1H103JA01D"; VariantName = "[No Variations]"
Add component (AddParameter): Name = "Case/Package"; Value = "0805"; VariantName = "[No Variations]"
Add component (AddParameter): Name = "Manufacturer"; Value = "Samsung"; VariantName = "[No Variations]"
Add component (AddParameter): Name = "Manufacturer Part Number"; Value = "C0805C103K5RECAUTO"; VariantName = "[No Variations]"
Add component (AddParameter): Name = "Supplier Part Number-1"; Value = "0805B103K500CT"; VariantName = "[No Variations]"
Add component (AddParameter): Name = "Supplier-1"; Value = "SIRICOM"; VariantName = "[No Variations]"
Added Component: Designator=C11(CAP_0805)
Add component (AddParameter): Name = "Alternate Part Number-1"; Value = "NA"; VariantName = "[No Variations]"
Add component (AddParameter): Name = "Case/Package"; Value = "0805"; VariantName = "[No Variations]"
Add component (AddParameter): Name = "Manufacturer"; Value = "AVX Corporation"; VariantName = "[No Variations]"
Add component (AddParameter): Name = "Manufacturer Part Number"; Value = "08055A200KAT2A"; VariantName = "[No Variations]"
Add component (AddParameter): Name = "Supplier Part Number-1"; Value = "478-11887-1-ND - Cut Tape (CT)"; VariantName = "[No Variations]"
Add component (AddParameter): Name = "Supplier-1"; Value = "Digikey"; VariantName = "[No Variations]"
Added Component: Designator=C12(CAP_P196_102X287_H332_RAD_TH)
Add component (AddParameter): Name = "Alternate Part Number-1"; Value = "NA"; VariantName = "[No Variations]"
Add component (AddParameter): Name = "Case/Package"; Value = "TH"; VariantName = "[No Variations]"
Add component (AddParameter): Name = "Manufacturer"; Value = "Yageo"; VariantName = "[No Variations]"
Add component (AddParameter): Name = "Manufacturer Part Number"; Value = "RDER73A103K2K1H03B"; VariantName = "[No Variations]"
Add component (AddParameter): Name = "Supplier Part Number-1"; Value = "RDER73A103K2K1H03B"; VariantName = "[No Variations]"
Add component (AddParameter): Name = "Supplier-1"; Value = "SP ROAD"; VariantName = "[No Variations]"
Added Component: Designator=C13(CAP_0805)
Add component (AddParameter): Name = "Alternate Part Number-1"; Value = "NA"; VariantName = "[No Variations]"
Add component (AddParameter): Name = "Case/Package"; Value = "0805"; VariantName = "[No Variations]"
Add component (AddParameter): Name = "Manufacturer"; Value = "Samsung Electro-Mechanics"; VariantName = "[No Variations]"
Add component (AddParameter): Name = "Manufacturer Part Number"; Value = "CL21B104MBCNNNC"; VariantName = "[No Variations]"
Add component (AddParameter): Name = "Supplier Part Number-1"; Value = "0805B104K500CT"; VariantName = "[No Variations]"
Add component (AddParameter): Name = "Supplier-1"; Value = "SIRICOM"; VariantName = "[No Variations]"
Added Component: Designator=C14(CAP_0805)
Add component (AddParameter): Name = "Alternate Part Number-1"; Value = "NA"; VariantName = "[No Variations]"
Add component (AddParameter): Name = "Case/Package"; Value = "0805"; VariantName = "[No Variations]"
Add component (AddParameter): Name = "Manufacturer"; Value = "Samsung Electro-Mechanics"; VariantName = "[No Variations]"
Add component (AddParameter): Name = "Manufacturer Part Number"; Value = "CL21B104MBCNNNC"; VariantName = "[No Variations]"
Add component (AddParameter): Name = "Supplier Part Number-1"; Value = "0805B104K500CT"; VariantName = "[No Variations]"
Add component (AddParameter): Name = "Supplier-1"; Value = "SIRICOM"; VariantName = "[No Variations]"
Added Component: Designator=C15(CAP_0805)
Add component (AddParameter): Name = "Alternate Part Number-1"; Value = "NA"; VariantName = "[No Variations]"
Add component (AddParameter): Name = "Case/Package"; Value = "0805"; VariantName = "[No Variations]"
Add component (AddParameter): Name = "Manufacturer"; Value = "Samsung Electro-Mechanics"; VariantName = "[No Variations]"
Add component (AddParameter): Name = "Manufacturer Part Number"; Value = "CL21B104MBCNNNC"; VariantName = "[No Variations]"
Add component (AddParameter): Name = "Supplier Part Number-1"; Value = "0805B104K500CT"; VariantName = "[No Variations]"
Add component (AddParameter): Name = "Supplier-1"; Value = "SIRICOM"; VariantName = "[No Variations]"
Added Component: Designator=C16(CAP_0805)
Add component (AddParameter): Name = "Alternate Part Number"; Value = "NA"; VariantName = "[No Variations]"
Add component (AddParameter): Name = "Case/Package"; Value = "0805"; VariantName = "[No Variations]"
Add component (AddParameter): Name = "Manufacturer"; Value = "KEMET"; VariantName = "[No Variations]"
Add component (AddParameter): Name = "Manufacturer Part Number"; Value = "C0805C300K5GAC7800"; VariantName = "[No Variations]"
Add component (AddParameter): Name = "Supplier Part Number-1"; Value = "399-17443-1-ND - Cut Tape (CT)"; VariantName = "[No Variations]"
Add component (AddParameter): Name = "Supplier-1"; Value = "Digikey"; VariantName = "[No Variations]"
Added Component: Designator=C17(CAP_0805)
Add component (AddParameter): Name = "Alternate Part Number"; Value = "NA"; VariantName = "[No Variations]"
Add component (AddParameter): Name = "Case/Package"; Value = "0805"; VariantName = "[No Variations]"
Add component (AddParameter): Name = "Manufacturer"; Value = "KEMET"; VariantName = "[No Variations]"
Add component (AddParameter): Name = "Manufacturer Part Number"; Value = "C0805C300K5GAC7800"; VariantName = "[No Variations]"
Add component (AddParameter): Name = "Supplier Part Number-1"; Value = "399-17443-1-ND - Cut Tape (CT)"; VariantName = "[No Variations]"
Add component (AddParameter): Name = "Supplier-1"; Value = "Digikey"; VariantName = "[No Variations]"
Added Component: Designator=C18(CAP_0805)
Add component (AddParameter): Name = "Alternate Part Number-1"; Value = "0805F105M500NT"; VariantName = "[No Variations]"
Add component (AddParameter): Name = "Case/Package"; Value = "0805"; VariantName = "[No Variations]"
Add component (AddParameter): Name = "Manufacturer"; Value = "Samsung"; VariantName = "[No Variations]"
Add component (AddParameter): Name = "Manufacturer Part Number"; Value = "CC0805JKX7R9BB105"; VariantName = "[No Variations]"
Add component (AddParameter): Name = "Supplier Part Number-1"; Value = "CL21B105KBFNNNE"; VariantName = "[No Variations]"
Add component (AddParameter): Name = "Supplier-1"; Value = "SIRICOM"; VariantName = "[No Variations]"
Added Component: Designator=C19(CAP_0805)
Add component (AddParameter): Name = "Alternate Part Number-1"; Value = "GRM2195C1H103JA01D"; VariantName = "[No Variations]"
Add component (AddParameter): Name = "Case/Package"; Value = "0805"; VariantName = "[No Variations]"
Add component (AddParameter): Name = "Manufacturer"; Value = "Samsung"; VariantName = "[No Variations]"
Add component (AddParameter): Name = "Manufacturer Part Number"; Value = "C0805C103K5RECAUTO"; VariantName = "[No Variations]"
Add component (AddParameter): Name = "Supplier Part Number-1"; Value = "0805B103K500CT"; VariantName = "[No Variations]"
Add component (AddParameter): Name = "Supplier-1"; Value = "SIRICOM"; VariantName = "[No Variations]"
Added Component: Designator=C20(CAP_0805)
Add component (AddParameter): Name = "Alternate Part Number-1"; Value = "0805B104M500"; VariantName = "[No Variations]"
Add component (AddParameter): Name = "Case/Package"; Value = "0805"; VariantName = "[No Variations]"
Add component (AddParameter): Name = "Manufacturer"; Value = "AVX Corporation"; VariantName = "[No Variations]"
Add component (AddParameter): Name = "Manufacturer Part Number"; Value = "08055C104JAT4A"; VariantName = "[No Variations]"
Add component (AddParameter): Name = "Supplier Part Number-1"; Value = "0805B104J500CT"; VariantName = "[No Variations]"
Add component (AddParameter): Name = "Supplier-1"; Value = "SIRICOM"; VariantName = "[No Variations]"
Added Component: Designator=C21(CAP_0805)
Add component (AddParameter): Name = "Alternate Part Number-1"; Value = "0805B104M500"; VariantName = "[No Variations]"
Add component (AddParameter): Name = "Case/Package"; Value = "0805"; VariantName = "[No Variations]"
Add component (AddParameter): Name = "Manufacturer"; Value = "AVX Corporation"; VariantName = "[No Variations]"
Add component (AddParameter): Name = "Manufacturer Part Number"; Value = "08055C104JAT4A"; VariantName = "[No Variations]"
Add component (AddParameter): Name = "Supplier Part Number-1"; Value = "0805B104J500CT"; VariantName = "[No Variations]"
Add component (AddParameter): Name = "Supplier-1"; Value = "SIRICOM"; VariantName = "[No Variations]"
Added Component: Designator=C22(CAP_0805)
Add component (AddParameter): Name = "Alternate Part Number-1"; Value = "0805B104M500"; VariantName = "[No Variations]"
Add component (AddParameter): Name = "Case/Package"; Value = "0805"; VariantName = "[No Variations]"
Add component (AddParameter): Name = "Manufacturer"; Value = "AVX Corporation"; VariantName = "[No Variations]"
Add component (AddParameter): Name = "Manufacturer Part Number"; Value = "08055C104JAT4A"; VariantName = "[No Variations]"
Add component (AddParameter): Name = "Supplier Part Number-1"; Value = "0805B104J500CT"; VariantName = "[No Variations]"
Add component (AddParameter): Name = "Supplier-1"; Value = "SIRICOM"; VariantName = "[No Variations]"
Added Component: Designator=C23(CAP_0805)
Add component (AddParameter): Name = "Alternate Part Number-1"; Value = "NA"; VariantName = "[No Variations]"
Add component (AddParameter): Name = "Case/Package"; Value = "0805"; VariantName = "[No Variations]"
Add component (AddParameter): Name = "Manufacturer"; Value = "Yageo"; VariantName = "[No Variations]"
Add component (AddParameter): Name = "Manufacturer Part Number"; Value = "CL21C180JBANNNC"; VariantName = "[No Variations]"
Add component (AddParameter): Name = "Supplier Part Number-1"; Value = "NA"; VariantName = "[No Variations]"
Add component (AddParameter): Name = "Supplier-1"; Value = "NA"; VariantName = "[No Variations]"
Added Component: Designator=C24(CAP_0805)
Add component (AddParameter): Name = "Alternate Part Number-1"; Value = "NA"; VariantName = "[No Variations]"
Add component (AddParameter): Name = "Case/Package"; Value = "0805"; VariantName = "[No Variations]"
Add component (AddParameter): Name = "Manufacturer"; Value = "Yageo"; VariantName = "[No Variations]"
Add component (AddParameter): Name = "Manufacturer Part Number"; Value = "CL21C180JBANNNC"; VariantName = "[No Variations]"
Add component (AddParameter): Name = "Supplier Part Number-1"; Value = "NA"; VariantName = "[No Variations]"
Add component (AddParameter): Name = "Supplier-1"; Value = "NA"; VariantName = "[No Variations]"
Added Component: Designator=C25(CAP_0805)
Add component (AddParameter): Name = "Alternate Part Number-1"; Value = "0805B104M500"; VariantName = "[No Variations]"
Add component (AddParameter): Name = "Case/Package"; Value = "0805"; VariantName = "[No Variations]"
Add component (AddParameter): Name = "Manufacturer"; Value = "AVX Corporation"; VariantName = "[No Variations]"
Add component (AddParameter): Name = "Manufacturer Part Number"; Value = "08055C104JAT4A"; VariantName = "[No Variations]"
Add component (AddParameter): Name = "Supplier Part Number-1"; Value = "0805B104J500CT"; VariantName = "[No Variations]"
Add component (AddParameter): Name = "Supplier-1"; Value = "SIRICOM"; VariantName = "[No Variations]"
Added Component: Designator=C26(CAP_0805)
Add component (AddParameter): Name = "Alternate Part Number-1"; Value = "0805B104M500"; VariantName = "[No Variations]"
Add component (AddParameter): Name = "Case/Package"; Value = "0805"; VariantName = "[No Variations]"
Add component (AddParameter): Name = "Manufacturer"; Value = "AVX Corporation"; VariantName = "[No Variations]"
Add component (AddParameter): Name = "Manufacturer Part Number"; Value = "08055C104JAT4A"; VariantName = "[No Variations]"
Add component (AddParameter): Name = "Supplier Part Number-1"; Value = "0805B104J500CT"; VariantName = "[No Variations]"
Add component (AddParameter): Name = "Supplier-1"; Value = "SIRICOM"; VariantName = "[No Variations]"
Added Component: Designator=C27(CAP_0805)
Add component (AddParameter): Name = "Alternate Part Number-1"; Value = "0805B104M500"; VariantName = "[No Variations]"
Add component (AddParameter): Name = "Case/Package"; Value = "0805"; VariantName = "[No Variations]"
Add component (AddParameter): Name = "Manufacturer"; Value = "AVX Corporation"; VariantName = "[No Variations]"
Add component (AddParameter): Name = "Manufacturer Part Number"; Value = "08055C104JAT4A"; VariantName = "[No Variations]"
Add component (AddParameter): Name = "Supplier Part Number-1"; Value = "0805B104J500CT"; VariantName = "[No Variations]"
Add component (AddParameter): Name = "Supplier-1"; Value = "SIRICOM"; VariantName = "[No Variations]"
Added Component: Designator=C28(CAP_0805)
Add component (AddParameter): Name = "Alternate Part Number-1"; Value = "0805B104M500"; VariantName = "[No Variations]"
Add component (AddParameter): Name = "Case/Package"; Value = "0805"; VariantName = "[No Variations]"
Add component (AddParameter): Name = "Manufacturer"; Value = "AVX Corporation"; VariantName = "[No Variations]"
Add component (AddParameter): Name = "Manufacturer Part Number"; Value = "08055C104JAT4A"; VariantName = "[No Variations]"
Add component (AddParameter): Name = "Supplier Part Number-1"; Value = "0805B104J500CT"; VariantName = "[No Variations]"
Add component (AddParameter): Name = "Supplier-1"; Value = "SIRICOM"; VariantName = "[No Variations]"
Added Component: Designator=C29(CAP_0805)
Add component (AddParameter): Name = "Alternate Part Number-1"; Value = "NA"; VariantName = "[No Variations]"
Add component (AddParameter): Name = "Case/Package"; Value = "0805"; VariantName = "[No Variations]"
Add component (AddParameter): Name = "Manufacturer"; Value = "Yageo"; VariantName = "[No Variations]"
Add component (AddParameter): Name = "Manufacturer Part Number"; Value = "GRM21BR61H475KE51L"; VariantName = "[No Variations]"
Add component (AddParameter): Name = "Supplier Part Number-1"; Value = "CL21A475KBQNNNE"; VariantName = "[No Variations]"
Add component (AddParameter): Name = "Supplier-1"; Value = "SIRICOM"; VariantName = "[No Variations]"
Added Component: Designator=C30(CAP_0805)
Add component (AddParameter): Name = "Alternate Part Number-1"; Value = "NA"; VariantName = "[No Variations]"
Add component (AddParameter): Name = "Case/Package"; Value = "0805"; VariantName = "[No Variations]"
Add component (AddParameter): Name = "Manufacturer"; Value = "KEMET"; VariantName = "[No Variations]"
Add component (AddParameter): Name = "Manufacturer Part Number"; Value = "CL21B225KAFNFNE"; VariantName = "[No Variations]"
Add component (AddParameter): Name = "Supplier Part Number-1"; Value = "CL21A225KAFNNNE"; VariantName = "[No Variations]"
Add component (AddParameter): Name = "Supplier-1"; Value = "SIRICOM"; VariantName = "[No Variations]"
Added Component: Designator=C31(CAP_0805)
Add component (AddParameter): Name = "Alternate Part Number-1"; Value = "NA"; VariantName = "[No Variations]"
Add component (AddParameter): Name = "Case/Package"; Value = "0805"; VariantName = "[No Variations]"
Add component (AddParameter): Name = "Manufacturer"; Value = "KEMET"; VariantName = "[No Variations]"
Add component (AddParameter): Name = "Manufacturer Part Number"; Value = "CL21B225KAFNFNE"; VariantName = "[No Variations]"
Add component (AddParameter): Name = "Supplier Part Number-1"; Value = "CL21A225KAFNNNE"; VariantName = "[No Variations]"
Add component (AddParameter): Name = "Supplier-1"; Value = "SIRICOM"; VariantName = "[No Variations]"
Added Component: Designator=C32(CAP_0805)
Add component (AddParameter): Name = "Alternate Part Number-1"; Value = "0805F105M500NT"; VariantName = "[No Variations]"
Add component (AddParameter): Name = "Case/Package"; Value = "0805"; VariantName = "[No Variations]"
Add component (AddParameter): Name = "Manufacturer"; Value = "Samsung"; VariantName = "[No Variations]"
Add component (AddParameter): Name = "Manufacturer Part Number"; Value = "CC0805JKX7R9BB105"; VariantName = "[No Variations]"
Add component (AddParameter): Name = "Supplier Part Number-1"; Value = "CL21B105KBFNNNE"; VariantName = "[No Variations]"
Add component (AddParameter): Name = "Supplier-1"; Value = "SIRICOM"; VariantName = "[No Variations]"
Added Component: Designator=C33(CAP_0805)
Add component (AddParameter): Name = "Alternate Part Number-1"; Value = "0805F105M500NT"; VariantName = "[No Variations]"
Add component (AddParameter): Name = "Case/Package"; Value = "0805"; VariantName = "[No Variations]"
Add component (AddParameter): Name = "Manufacturer"; Value = "Samsung"; VariantName = "[No Variations]"
Add component (AddParameter): Name = "Manufacturer Part Number"; Value = "CC0805JKX7R9BB105"; VariantName = "[No Variations]"
Add component (AddParameter): Name = "Supplier Part Number-1"; Value = "CL21B105KBFNNNE"; VariantName = "[No Variations]"
Add component (AddParameter): Name = "Supplier-1"; Value = "SIRICOM"; VariantName = "[No Variations]"
Added Component: Designator=C34(CAP_0805)
Add component (AddParameter): Name = "Alternate Part Number-1"; Value = "0805B104M500"; VariantName = "[No Variations]"
Add component (AddParameter): Name = "Case/Package"; Value = "0805"; VariantName = "[No Variations]"
Add component (AddParameter): Name = "Manufacturer"; Value = "AVX Corporation"; VariantName = "[No Variations]"
Add component (AddParameter): Name = "Manufacturer Part Number"; Value = "08055C104JAT4A"; VariantName = "[No Variations]"
Add component (AddParameter): Name = "Supplier Part Number-1"; Value = "0805B104J500CT"; VariantName = "[No Variations]"
Add component (AddParameter): Name = "Supplier-1"; Value = "SIRICOM"; VariantName = "[No Variations]"
Added Component: Designator=C35(CAP_0805)
Add component (AddParameter): Name = "Alternate Part Number-1"; Value = "0805B104M500"; VariantName = "[No Variations]"
Add component (AddParameter): Name = "Case/Package"; Value = "0805"; VariantName = "[No Variations]"
Add component (AddParameter): Name = "Manufacturer"; Value = "AVX Corporation"; VariantName = "[No Variations]"
Add component (AddParameter): Name = "Manufacturer Part Number"; Value = "08055C104JAT4A"; VariantName = "[No Variations]"
Add component (AddParameter): Name = "Supplier Part Number-1"; Value = "0805B104J500CT"; VariantName = "[No Variations]"
Add component (AddParameter): Name = "Supplier-1"; Value = "SIRICOM"; VariantName = "[No Variations]"
Added Component: Designator=C36(CAP_0805)
Add component (AddParameter): Name = "Alternate Part Number-1"; Value = "0805B104M500"; VariantName = "[No Variations]"
Add component (AddParameter): Name = "Case/Package"; Value = "0805"; VariantName = "[No Variations]"
Add component (AddParameter): Name = "Manufacturer"; Value = "AVX Corporation"; VariantName = "[No Variations]"
Add component (AddParameter): Name = "Manufacturer Part Number"; Value = "08055C104JAT4A"; VariantName = "[No Variations]"
Add component (AddParameter): Name = "Supplier Part Number-1"; Value = "0805B104J500CT"; VariantName = "[No Variations]"
Add component (AddParameter): Name = "Supplier-1"; Value = "SIRICOM"; VariantName = "[No Variations]"
Added Component: Designator=C37(CAP_0805)
Add component (AddParameter): Name = "Alternate Part Number-1"; Value = "NA"; VariantName = "[No Variations]"
Add component (AddParameter): Name = "Case/Package"; Value = "0805"; VariantName = "[No Variations]"
Add component (AddParameter): Name = "Manufacturer"; Value = "Samsung Electro-Mechanics"; VariantName = "[No Variations]"
Add component (AddParameter): Name = "Manufacturer Part Number"; Value = "CL21B104MBCNNNC"; VariantName = "[No Variations]"
Add component (AddParameter): Name = "Supplier Part Number-1"; Value = "0805B104K500CT"; VariantName = "[No Variations]"
Add component (AddParameter): Name = "Supplier-1"; Value = "SIRICOM"; VariantName = "[No Variations]"
Added Component: Designator=C38(CAP_0805)
Add component (AddParameter): Name = "Alternate Part Number-1"; Value = "0805F105M500NT"; VariantName = "[No Variations]"
Add component (AddParameter): Name = "Case/Package"; Value = "0805"; VariantName = "[No Variations]"
Add component (AddParameter): Name = "Manufacturer"; Value = "Samsung"; VariantName = "[No Variations]"
Add component (AddParameter): Name = "Manufacturer Part Number"; Value = "CC0805JKX7R9BB105"; VariantName = "[No Variations]"
Add component (AddParameter): Name = "Supplier Part Number-1"; Value = "CL21B105KBFNNNE"; VariantName = "[No Variations]"
Add component (AddParameter): Name = "Supplier-1"; Value = "SIRICOM"; VariantName = "[No Variations]"
Added Component: Designator=C39(CAP_0805)
Add component (AddParameter): Name = "Alternate Part Number-1"; Value = "NA"; VariantName = "[No Variations]"
Add component (AddParameter): Name = "Case/Package"; Value = "0805"; VariantName = "[No Variations]"
Add component (AddParameter): Name = "Manufacturer"; Value = "Samsung Electro-Mechanics"; VariantName = "[No Variations]"
Add component (AddParameter): Name = "Manufacturer Part Number"; Value = "CL21B104MBCNNNC"; VariantName = "[No Variations]"
Add component (AddParameter): Name = "Supplier Part Number-1"; Value = "0805B104K500CT"; VariantName = "[No Variations]"
Add component (AddParameter): Name = "Supplier-1"; Value = "SIRICOM"; VariantName = "[No Variations]"
Added Component: Designator=C40(CAP_0805)
Add component (AddParameter): Name = "Alternate Part Number-1"; Value = "NA"; VariantName = "[No Variations]"
Add component (AddParameter): Name = "Case/Package"; Value = "0805"; VariantName = "[No Variations]"
Add component (AddParameter): Name = "Manufacturer"; Value = "Murata"; VariantName = "[No Variations]"
Add component (AddParameter): Name = "Manufacturer Part Number"; Value = "CL21C101JC61PNC"; VariantName = "[No Variations]"
Add component (AddParameter): Name = "Supplier Part Number-1"; Value = "0805N101J101CT"; VariantName = "[No Variations]"
Add component (AddParameter): Name = "Supplier-1"; Value = "SIRICOM"; VariantName = "[No Variations]"
Added Component: Designator=C41(CAP_0805)
Add component (AddParameter): Name = "Alternate Part Number-1"; Value = "0805F105M500NT"; VariantName = "[No Variations]"
Add component (AddParameter): Name = "Case/Package"; Value = "0805"; VariantName = "[No Variations]"
Add component (AddParameter): Name = "Manufacturer"; Value = "Samsung"; VariantName = "[No Variations]"
Add component (AddParameter): Name = "Manufacturer Part Number"; Value = "CC0805JKX7R9BB105"; VariantName = "[No Variations]"
Add component (AddParameter): Name = "Supplier Part Number-1"; Value = "CL21B105KBFNNNE"; VariantName = "[No Variations]"
Add component (AddParameter): Name = "Supplier-1"; Value = "SIRICOM"; VariantName = "[No Variations]"
Added Component: Designator=C42(CAP_0805)
Add component (AddParameter): Name = "Alternate Part Number-1"; Value = "0805F105M500NT"; VariantName = "[No Variations]"
Add component (AddParameter): Name = "Case/Package"; Value = "0805"; VariantName = "[No Variations]"
Add component (AddParameter): Name = "Manufacturer"; Value = "Samsung"; VariantName = "[No Variations]"
Add component (AddParameter): Name = "Manufacturer Part Number"; Value = "CC0805JKX7R9BB105"; VariantName = "[No Variations]"
Add component (AddParameter): Name = "Supplier Part Number-1"; Value = "CL21B105KBFNNNE"; VariantName = "[No Variations]"
Add component (AddParameter): Name = "Supplier-1"; Value = "SIRICOM"; VariantName = "[No Variations]"
Added Component: Designator=C43(CAP_0805)
Add component (AddParameter): Name = "Alternate Part Number-1"; Value = "0805F105M500NT"; VariantName = "[No Variations]"
Add component (AddParameter): Name = "Case/Package"; Value = "0805"; VariantName = "[No Variations]"
Add component (AddParameter): Name = "Manufacturer"; Value = "Samsung"; VariantName = "[No Variations]"
Add component (AddParameter): Name = "Manufacturer Part Number"; Value = "CC0805JKX7R9BB105"; VariantName = "[No Variations]"
Add component (AddParameter): Name = "Supplier Part Number-1"; Value = "CL21B105KBFNNNE"; VariantName = "[No Variations]"
Add component (AddParameter): Name = "Supplier-1"; Value = "SIRICOM"; VariantName = "[No Variations]"
Added Component: Designator=C44(CAP_0805)
Add component (AddParameter): Name = "Alternate Part Number-1"; Value = "0805B104M500"; VariantName = "[No Variations]"
Add component (AddParameter): Name = "Case/Package"; Value = "0805"; VariantName = "[No Variations]"
Add component (AddParameter): Name = "Manufacturer"; Value = "AVX Corporation"; VariantName = "[No Variations]"
Add component (AddParameter): Name = "Manufacturer Part Number"; Value = "08055C104JAT4A"; VariantName = "[No Variations]"
Add component (AddParameter): Name = "Supplier Part Number-1"; Value = "0805B104J500CT"; VariantName = "[No Variations]"
Add component (AddParameter): Name = "Supplier-1"; Value = "SIRICOM"; VariantName = "[No Variations]"
Added Component: Designator=C45(CAP_0805)
Add component (AddParameter): Name = "Alternate Part Number-1"; Value = "NA"; VariantName = "[No Variations]"
Add component (AddParameter): Name = "Case/Package"; Value = "0805"; VariantName = "[No Variations]"
Add component (AddParameter): Name = "Manufacturer"; Value = "Samsung"; VariantName = "[No Variations]"
Add component (AddParameter): Name = "Manufacturer Part Number"; Value = "CL21B104KBCNNNC"; VariantName = "[No Variations]"
Add component (AddParameter): Name = "Supplier Part Number-1"; Value = "0805B104K500CT"; VariantName = "[No Variations]"
Add component (AddParameter): Name = "Supplier-1"; Value = "SIRICOM"; VariantName = "[No Variations]"
Added Component: Designator=C46(CAP_0805)
Add component (AddParameter): Name = "Alternate Part Number-1"; Value = "NA"; VariantName = "[No Variations]"
Add component (AddParameter): Name = "Case/Package"; Value = "0805"; VariantName = "[No Variations]"
Add component (AddParameter): Name = "Manufacturer"; Value = "Samsung"; VariantName = "[No Variations]"
Add component (AddParameter): Name = "Manufacturer Part Number"; Value = "CL21B104KBCNNNC"; VariantName = "[No Variations]"
Add component (AddParameter): Name = "Supplier Part Number-1"; Value = "0805B104K500CT"; VariantName = "[No Variations]"
Add component (AddParameter): Name = "Supplier-1"; Value = "SIRICOM"; VariantName = "[No Variations]"
Added Component: Designator=C47(CAP_0805)
Add component (AddParameter): Name = "Alternate Part Number-1"; Value = "NA"; VariantName = "[No Variations]"
Add component (AddParameter): Name = "Case/Package"; Value = "0805"; VariantName = "[No Variations]"
Add component (AddParameter): Name = "Manufacturer"; Value = "Samsung"; VariantName = "[No Variations]"
Add component (AddParameter): Name = "Manufacturer Part Number"; Value = "CL21B104KBCNNNC"; VariantName = "[No Variations]"
Add component (AddParameter): Name = "Supplier Part Number-1"; Value = "0805B104K500CT"; VariantName = "[No Variations]"
Add component (AddParameter): Name = "Supplier-1"; Value = "SIRICOM"; VariantName = "[No Variations]"
Added Component: Designator=C48(CAP_0805)
Add component (AddParameter): Name = "Alternate Part Number-1"; Value = "0805B104M500"; VariantName = "[No Variations]"
Add component (AddParameter): Name = "Case/Package"; Value = "0805"; VariantName = "[No Variations]"
Add component (AddParameter): Name = "Manufacturer"; Value = "AVX Corporation"; VariantName = "[No Variations]"
Add component (AddParameter): Name = "Manufacturer Part Number"; Value = "08055C104JAT4A"; VariantName = "[No Variations]"
Add component (AddParameter): Name = "Supplier Part Number-1"; Value = "0805B104J500CT"; VariantName = "[No Variations]"
Add component (AddParameter): Name = "Supplier-1"; Value = "SIRICOM"; VariantName = "[No Variations]"
Added Component: Designator=C49(CAP_1206)
Add component (AddParameter): Name = "Alternate Part Number-1"; Value = "GRT31CR61H106ME01L"; VariantName = "[No Variations]"
Add component (AddParameter): Name = "Case/Package"; Value = "1206"; VariantName = "[No Variations]"
Add component (AddParameter): Name = "Manufacturer"; Value = "KEMET"; VariantName = "[No Variations]"
Add component (AddParameter): Name = "Manufacturer Part Number"; Value = "CL31B106KBHNNNE"; VariantName = "[No Variations]"
Add component (AddParameter): Name = "Supplier Part Number-1"; Value = "CC1206KKX5R9BB106"; VariantName = "[No Variations]"
Add component (AddParameter): Name = "Supplier-1"; Value = "SIRICOM"; VariantName = "[No Variations]"
Added Component: Designator=C50(CAP_1206)
Add component (AddParameter): Name = "Alternate Part Number-1"; Value = "GRT31CR61H106ME01L"; VariantName = "[No Variations]"
Add component (AddParameter): Name = "Case/Package"; Value = "1206"; VariantName = "[No Variations]"
Add component (AddParameter): Name = "Manufacturer"; Value = "KEMET"; VariantName = "[No Variations]"
Add component (AddParameter): Name = "Manufacturer Part Number"; Value = "CL31B106KBHNNNE"; VariantName = "[No Variations]"
Add component (AddParameter): Name = "Supplier Part Number-1"; Value = "CC1206KKX5R9BB106"; VariantName = "[No Variations]"
Add component (AddParameter): Name = "Supplier-1"; Value = "SIRICOM"; VariantName = "[No Variations]"
Added Component: Designator=C51(CAP_0805)
Add component (AddParameter): Name = "Alternate Part Number-1"; Value = "0805F105M500NT"; VariantName = "[No Variations]"
Add component (AddParameter): Name = "Case/Package"; Value = "0805"; VariantName = "[No Variations]"
Add component (AddParameter): Name = "Manufacturer"; Value = "Samsung"; VariantName = "[No Variations]"
Add component (AddParameter): Name = "Manufacturer Part Number"; Value = "CC0805JKX7R9BB105"; VariantName = "[No Variations]"
Add component (AddParameter): Name = "Supplier Part Number-1"; Value = "CL21B105KBFNNNE"; VariantName = "[No Variations]"
Add component (AddParameter): Name = "Supplier-1"; Value = "SIRICOM"; VariantName = "[No Variations]"
Added Component: Designator=C52(CAP_0805)
Add component (AddParameter): Name = "Alternate Part Number-1"; Value = "NA"; VariantName = "[No Variations]"
Add component (AddParameter): Name = "Case/Package"; Value = "0805"; VariantName = "[No Variations]"
Add component (AddParameter): Name = "Manufacturer"; Value = "Samsung"; VariantName = "[No Variations]"
Add component (AddParameter): Name = "Manufacturer Part Number"; Value = "CL21B104KBCNNNC"; VariantName = "[No Variations]"
Add component (AddParameter): Name = "Supplier Part Number-1"; Value = "0805B104K500CT"; VariantName = "[No Variations]"
Add component (AddParameter): Name = "Supplier-1"; Value = "SIRICOM"; VariantName = "[No Variations]"
Added Component: Designator=C53(CAP_0805)
Add component (AddParameter): Name = "Alternate Part Number-1"; Value = "0805F105M500NT"; VariantName = "[No Variations]"
Add component (AddParameter): Name = "Case/Package"; Value = "0805"; VariantName = "[No Variations]"
Add component (AddParameter): Name = "Manufacturer"; Value = "Samsung"; VariantName = "[No Variations]"
Add component (AddParameter): Name = "Manufacturer Part Number"; Value = "CC0805JKX7R9BB105"; VariantName = "[No Variations]"
Add component (AddParameter): Name = "Supplier Part Number-1"; Value = "CL21B105KBFNNNE"; VariantName = "[No Variations]"
Add component (AddParameter): Name = "Supplier-1"; Value = "SIRICOM"; VariantName = "[No Variations]"
Added Component: Designator=C54(CAP_0805)
Add component (AddParameter): Name = "Alternate Part Number-1"; Value = "0805F105M500NT"; VariantName = "[No Variations]"
Add component (AddParameter): Name = "Case/Package"; Value = "0805"; VariantName = "[No Variations]"
Add component (AddParameter): Name = "Manufacturer"; Value = "Samsung"; VariantName = "[No Variations]"
Add component (AddParameter): Name = "Manufacturer Part Number"; Value = "CC0805JKX7R9BB105"; VariantName = "[No Variations]"
Add component (AddParameter): Name = "Supplier Part Number-1"; Value = "CL21B105KBFNNNE"; VariantName = "[No Variations]"
Add component (AddParameter): Name = "Supplier-1"; Value = "SIRICOM"; VariantName = "[No Variations]"
Added Component: Designator=C55(CAP_0805)
Add component (AddParameter): Name = "Alternate Part Number-1"; Value = "NA"; VariantName = "[No Variations]"
Add component (AddParameter): Name = "Case/Package"; Value = "0805"; VariantName = "[No Variations]"
Add component (AddParameter): Name = "Manufacturer"; Value = "Samsung"; VariantName = "[No Variations]"
Add component (AddParameter): Name = "Manufacturer Part Number"; Value = "CL21B104KBCNNNC"; VariantName = "[No Variations]"
Add component (AddParameter): Name = "Supplier Part Number-1"; Value = "0805B104K500CT"; VariantName = "[No Variations]"
Add component (AddParameter): Name = "Supplier-1"; Value = "SIRICOM"; VariantName = "[No Variations]"
Added Component: Designator=C56(CAP_0805)
Add component (AddParameter): Name = "Alternate Part Number-1"; Value = "NA"; VariantName = "[No Variations]"
Add component (AddParameter): Name = "Case/Package"; Value = "0805"; VariantName = "[No Variations]"
Add component (AddParameter): Name = "Manufacturer"; Value = "Samsung"; VariantName = "[No Variations]"
Add component (AddParameter): Name = "Manufacturer Part Number"; Value = "CL21B104KBCNNNC"; VariantName = "[No Variations]"
Add component (AddParameter): Name = "Supplier Part Number-1"; Value = "0805B104K500CT"; VariantName = "[No Variations]"
Add component (AddParameter): Name = "Supplier-1"; Value = "SIRICOM"; VariantName = "[No Variations]"
Added Component: Designator=C57(CAP_0805)
Add component (AddParameter): Name = "Alternate Part Number-1"; Value = "0805F105M500NT"; VariantName = "[No Variations]"
Add component (AddParameter): Name = "Case/Package"; Value = "0805"; VariantName = "[No Variations]"
Add component (AddParameter): Name = "Manufacturer"; Value = "Samsung"; VariantName = "[No Variations]"
Add component (AddParameter): Name = "Manufacturer Part Number"; Value = "CC0805JKX7R9BB105"; VariantName = "[No Variations]"
Add component (AddParameter): Name = "Supplier Part Number-1"; Value = "CL21B105KBFNNNE"; VariantName = "[No Variations]"
Add component (AddParameter): Name = "Supplier-1"; Value = "SIRICOM"; VariantName = "[No Variations]"
Added Component: Designator=C58(CAP_0805)
Add component (AddParameter): Name = "Alternate Part Number-1"; Value = "NA"; VariantName = "[No Variations]"
Add component (AddParameter): Name = "Case/Package"; Value = "0805"; VariantName = "[No Variations]"
Add component (AddParameter): Name = "Manufacturer"; Value = "Samsung"; VariantName = "[No Variations]"
Add component (AddParameter): Name = "Manufacturer Part Number"; Value = "CL21B104KBCNNNC"; VariantName = "[No Variations]"
Add component (AddParameter): Name = "Supplier Part Number-1"; Value = "0805B104K500CT"; VariantName = "[No Variations]"
Add component (AddParameter): Name = "Supplier-1"; Value = "SIRICOM"; VariantName = "[No Variations]"
Added Component: Designator=C59(CAP_1206)
Add component (AddParameter): Name = "Alternate Part Number-1"; Value = "GRT31CR61H106ME01L"; VariantName = "[No Variations]"
Add component (AddParameter): Name = "Case/Package"; Value = "1206"; VariantName = "[No Variations]"
Add component (AddParameter): Name = "Manufacturer"; Value = "KEMET"; VariantName = "[No Variations]"
Add component (AddParameter): Name = "Manufacturer Part Number"; Value = "CL31B106KBHNNNE"; VariantName = "[No Variations]"
Add component (AddParameter): Name = "Supplier Part Number-1"; Value = "CC1206KKX5R9BB106"; VariantName = "[No Variations]"
Add component (AddParameter): Name = "Supplier-1"; Value = "SIRICOM"; VariantName = "[No Variations]"
Added Component: Designator=C60(CAP_0805)
Add component (AddParameter): Name = "Alternate Part Number-1"; Value = "NA"; VariantName = "[No Variations]"
Add component (AddParameter): Name = "Case/Package"; Value = "0805"; VariantName = "[No Variations]"
Add component (AddParameter): Name = "Manufacturer"; Value = "Samsung"; VariantName = "[No Variations]"
Add component (AddParameter): Name = "Manufacturer Part Number"; Value = "CL21B104KBCNNNC"; VariantName = "[No Variations]"
Add component (AddParameter): Name = "Supplier Part Number-1"; Value = "0805B104K500CT"; VariantName = "[No Variations]"
Add component (AddParameter): Name = "Supplier-1"; Value = "SIRICOM"; VariantName = "[No Variations]"
Added Component: Designator=C61(CAP_0805)
Add component (AddParameter): Name = "Alternate Part Number-1"; Value = "NA"; VariantName = "[No Variations]"
Add component (AddParameter): Name = "Case/Package"; Value = "0805"; VariantName = "[No Variations]"
Add component (AddParameter): Name = "Manufacturer"; Value = "Samsung"; VariantName = "[No Variations]"
Add component (AddParameter): Name = "Manufacturer Part Number"; Value = "CL21B104KBCNNNC"; VariantName = "[No Variations]"
Add component (AddParameter): Name = "Supplier Part Number-1"; Value = "0805B104K500CT"; VariantName = "[No Variations]"
Add component (AddParameter): Name = "Supplier-1"; Value = "SIRICOM"; VariantName = "[No Variations]"
Added Component: Designator=C62(CAP_0805)
Add component (AddParameter): Name = "Alternate Part Number-1"; Value = "NA"; VariantName = "[No Variations]"
Add component (AddParameter): Name = "Case/Package"; Value = "0805"; VariantName = "[No Variations]"
Add component (AddParameter): Name = "Manufacturer"; Value = "Samsung Electro-Mechanics"; VariantName = "[No Variations]"
Add component (AddParameter): Name = "Manufacturer Part Number"; Value = "CL21B223KBANNNC"; VariantName = "[No Variations]"
Add component (AddParameter): Name = "Supplier Part Number-1"; Value = "1276-1081-1-ND - Cut Tape (CT)"; VariantName = "[No Variations]"
Add component (AddParameter): Name = "Supplier-1"; Value = "Digikey"; VariantName = "[No Variations]"
Added Component: Designator=C63(CAP_0805)
Add component (AddParameter): Name = "Alternate Part Number-1"; Value = "NA"; VariantName = "[No Variations]"
Add component (AddParameter): Name = "Case/Package"; Value = "0805"; VariantName = "[No Variations]"
Add component (AddParameter): Name = "Manufacturer"; Value = "Samsung Electro-Mechanics"; VariantName = "[No Variations]"
Add component (AddParameter): Name = "Manufacturer Part Number"; Value = "CL21B223KBANNNC"; VariantName = "[No Variations]"
Add component (AddParameter): Name = "Supplier Part Number-1"; Value = "1276-1081-1-ND - Cut Tape (CT)"; VariantName = "[No Variations]"
Add component (AddParameter): Name = "Supplier-1"; Value = "Digikey"; VariantName = "[No Variations]"
Added Component: Designator=C64(CAP_0805)
Add component (AddParameter): Name = "Alternate Part Number-1"; Value = "0805F105M500NT"; VariantName = "[No Variations]"
Add component (AddParameter): Name = "Case/Package"; Value = "0805"; VariantName = "[No Variations]"
Add component (AddParameter): Name = "Manufacturer"; Value = "Samsung"; VariantName = "[No Variations]"
Add component (AddParameter): Name = "Manufacturer Part Number"; Value = "CC0805JKX7R9BB105"; VariantName = "[No Variations]"
Add component (AddParameter): Name = "Supplier Part Number-1"; Value = "CL21B105KBFNNNE"; VariantName = "[No Variations]"
Add component (AddParameter): Name = "Supplier-1"; Value = "SIRICOM"; VariantName = "[No Variations]"
Added Component: Designator=C65(CAP_0805)
Add component (AddParameter): Name = "Alternate Part Number-1"; Value = "NA"; VariantName = "[No Variations]"
Add component (AddParameter): Name = "Case/Package"; Value = "0805"; VariantName = "[No Variations]"
Add component (AddParameter): Name = "Manufacturer"; Value = "Samsung"; VariantName = "[No Variations]"
Add component (AddParameter): Name = "Manufacturer Part Number"; Value = "CL21B104KBCNNNC"; VariantName = "[No Variations]"
Add component (AddParameter): Name = "Supplier Part Number-1"; Value = "0805B104K500CT"; VariantName = "[No Variations]"
Add component (AddParameter): Name = "Supplier-1"; Value = "SIRICOM"; VariantName = "[No Variations]"
Added Component: Designator=C66(CAP_0805)
Add component (AddParameter): Name = "Alternate Part Number-1"; Value = "NA"; VariantName = "[No Variations]"
Add component (AddParameter): Name = "Case/Package"; Value = "0805"; VariantName = "[No Variations]"
Add component (AddParameter): Name = "Manufacturer"; Value = "AVX Corporation"; VariantName = "[No Variations]"
Add component (AddParameter): Name = "Manufacturer Part Number"; Value = "08055A151KAT2A"; VariantName = "[No Variations]"
Add component (AddParameter): Name = "Supplier Part Number-1"; Value = "478-10501-1-ND - Cut Tape (CT)"; VariantName = "[No Variations]"
Add component (AddParameter): Name = "Supplier-1"; Value = "Digikey"; VariantName = "[No Variations]"
Added Component: Designator=C67(CAP_0805)
Add component (AddParameter): Name = "Alternate Part Number-1"; Value = "NA"; VariantName = "[No Variations]"
Add component (AddParameter): Name = "Case/Package"; Value = "0805"; VariantName = "[No Variations]"
Add component (AddParameter): Name = "Manufacturer"; Value = "AVX Corporation"; VariantName = "[No Variations]"
Add component (AddParameter): Name = "Manufacturer Part Number"; Value = "08055A151KAT2A"; VariantName = "[No Variations]"
Add component (AddParameter): Name = "Supplier Part Number-1"; Value = "478-10501-1-ND - Cut Tape (CT)"; VariantName = "[No Variations]"
Add component (AddParameter): Name = "Supplier-1"; Value = "Digikey"; VariantName = "[No Variations]"
Added Component: Designator=C68(CAP_0805)
Add component (AddParameter): Name = "Alternate Part Number-1"; Value = "NA"; VariantName = "[No Variations]"
Add component (AddParameter): Name = "Case/Package"; Value = "0805"; VariantName = "[No Variations]"
Add component (AddParameter): Name = "Manufacturer"; Value = "AVX Corporation"; VariantName = "[No Variations]"
Add component (AddParameter): Name = "Manufacturer Part Number"; Value = "08055A151KAT2A"; VariantName = "[No Variations]"
Add component (AddParameter): Name = "Supplier Part Number-1"; Value = "478-10501-1-ND - Cut Tape (CT)"; VariantName = "[No Variations]"
Add component (AddParameter): Name = "Supplier-1"; Value = "Digikey"; VariantName = "[No Variations]"
Added Component: Designator=C69(CAP_0805)
Add component (AddParameter): Name = "Alternate Part Number-1"; Value = "NA"; VariantName = "[No Variations]"
Add component (AddParameter): Name = "Case/Package"; Value = "0805"; VariantName = "[No Variations]"
Add component (AddParameter): Name = "Manufacturer"; Value = "AVX Corporation"; VariantName = "[No Variations]"
Add component (AddParameter): Name = "Manufacturer Part Number"; Value = "08055A151KAT2A"; VariantName = "[No Variations]"
Add component (AddParameter): Name = "Supplier Part Number-1"; Value = "478-10501-1-ND - Cut Tape (CT)"; VariantName = "[No Variations]"
Add component (AddParameter): Name = "Supplier-1"; Value = "Digikey"; VariantName = "[No Variations]"
Added Component: Designator=C70(CAP_0805)
Add component (AddParameter): Name = "Alternate Part Number-1"; Value = "NA"; VariantName = "[No Variations]"
Add component (AddParameter): Name = "Case/Package"; Value = "0805"; VariantName = "[No Variations]"
Add component (AddParameter): Name = "Manufacturer"; Value = "Samsung Electro-Mechanics"; VariantName = "[No Variations]"
Add component (AddParameter): Name = "Manufacturer Part Number"; Value = "CL21B104MBCNNNC"; VariantName = "[No Variations]"
Add component (AddParameter): Name = "Supplier Part Number-1"; Value = "0805B104K500CT"; VariantName = "[No Variations]"
Add component (AddParameter): Name = "Supplier-1"; Value = "SIRICOM"; VariantName = "[No Variations]"
Added Component: Designator=C71(CAP_0805)
Add component (AddParameter): Name = "Alternate Part Number-1"; Value = "0805F105M500NT"; VariantName = "[No Variations]"
Add component (AddParameter): Name = "Case/Package"; Value = "0805"; VariantName = "[No Variations]"
Add component (AddParameter): Name = "Manufacturer"; Value = "Samsung"; VariantName = "[No Variations]"
Add component (AddParameter): Name = "Manufacturer Part Number"; Value = "CC0805JKX7R9BB105"; VariantName = "[No Variations]"
Add component (AddParameter): Name = "Supplier Part Number-1"; Value = "CL21B105KBFNNNE"; VariantName = "[No Variations]"
Add component (AddParameter): Name = "Supplier-1"; Value = "SIRICOM"; VariantName = "[No Variations]"
Added Component: Designator=C72(CAP_0805)
Add component (AddParameter): Name = "Alternate Part Number-1"; Value = "NA"; VariantName = "[No Variations]"
Add component (AddParameter): Name = "Case/Package"; Value = "0805"; VariantName = "[No Variations]"
Add component (AddParameter): Name = "Manufacturer"; Value = "Samsung Electro-Mechanics"; VariantName = "[No Variations]"
Add component (AddParameter): Name = "Manufacturer Part Number"; Value = "CL21B104MBCNNNC"; VariantName = "[No Variations]"
Add component (AddParameter): Name = "Supplier Part Number-1"; Value = "0805B104K500CT"; VariantName = "[No Variations]"
Add component (AddParameter): Name = "Supplier-1"; Value = "SIRICOM"; VariantName = "[No Variations]"
Added Component: Designator=C73(CAP_0805)
Add component (AddParameter): Name = "Alternate Part Number-1"; Value = "NA"; VariantName = "[No Variations]"
Add component (AddParameter): Name = "Case/Package"; Value = "0805"; VariantName = "[No Variations]"
Add component (AddParameter): Name = "Manufacturer"; Value = "Murata"; VariantName = "[No Variations]"
Add component (AddParameter): Name = "Manufacturer Part Number"; Value = "CL21C101JC61PNC"; VariantName = "[No Variations]"
Add component (AddParameter): Name = "Supplier Part Number-1"; Value = "0805N101J101CT"; VariantName = "[No Variations]"
Add component (AddParameter): Name = "Supplier-1"; Value = "SIRICOM"; VariantName = "[No Variations]"
Added Component: Designator=C74(CAP_0805)
Add component (AddParameter): Name = "Alternate Part Number-1"; Value = "0805F105M500NT"; VariantName = "[No Variations]"
Add component (AddParameter): Name = "Case/Package"; Value = "0805"; VariantName = "[No Variations]"
Add component (AddParameter): Name = "Manufacturer"; Value = "Samsung"; VariantName = "[No Variations]"
Add component (AddParameter): Name = "Manufacturer Part Number"; Value = "CC0805JKX7R9BB105"; VariantName = "[No Variations]"
Add component (AddParameter): Name = "Supplier Part Number-1"; Value = "CL21B105KBFNNNE"; VariantName = "[No Variations]"
Add component (AddParameter): Name = "Supplier-1"; Value = "SIRICOM"; VariantName = "[No Variations]"
Added Component: Designator=C75(CAP_0805)
Add component (AddParameter): Name = "Alternate Part Number-1"; Value = "0805F105M500NT"; VariantName = "[No Variations]"
Add component (AddParameter): Name = "Case/Package"; Value = "0805"; VariantName = "[No Variations]"
Add component (AddParameter): Name = "Manufacturer"; Value = "Samsung"; VariantName = "[No Variations]"
Add component (AddParameter): Name = "Manufacturer Part Number"; Value = "CC0805JKX7R9BB105"; VariantName = "[No Variations]"
Add component (AddParameter): Name = "Supplier Part Number-1"; Value = "CL21B105KBFNNNE"; VariantName = "[No Variations]"
Add component (AddParameter): Name = "Supplier-1"; Value = "SIRICOM"; VariantName = "[No Variations]"
Added Component: Designator=C76(CAP_0805)
Add component (AddParameter): Name = "Alternate Part Number-1"; Value = "0805F105M500NT"; VariantName = "[No Variations]"
Add component (AddParameter): Name = "Case/Package"; Value = "0805"; VariantName = "[No Variations]"
Add component (AddParameter): Name = "Manufacturer"; Value = "Samsung"; VariantName = "[No Variations]"
Add component (AddParameter): Name = "Manufacturer Part Number"; Value = "CC0805JKX7R9BB105"; VariantName = "[No Variations]"
Add component (AddParameter): Name = "Supplier Part Number-1"; Value = "CL21B105KBFNNNE"; VariantName = "[No Variations]"
Add component (AddParameter): Name = "Supplier-1"; Value = "SIRICOM"; VariantName = "[No Variations]"
Added Component: Designator=C77(ACAP_P236_D305_H303_RAD)
Add component (AddParameter): Name = "Alternate Part Number-1"; Value = "NA"; VariantName = "[No Variations]"
Add component (AddParameter): Name = "Case/Package"; Value = "Radial-SMD"; VariantName = "[No Variations]"
Add component (AddParameter): Name = "Manufacturer"; Value = "Nichicon"; VariantName = "[No Variations]"
Add component (AddParameter): Name = "Manufacturer Part Number"; Value = "UWT1E101MCL1GS"; VariantName = "[No Variations]"
Add component (AddParameter): Name = "Supplier Part Number-1"; Value = "UWT1E101MCL1GS"; VariantName = "[No Variations]"
Add component (AddParameter): Name = "Supplier-1"; Value = "SP ROAD"; VariantName = "[No Variations]"
Added Component: Designator=C78(ACAP_P236_D305_H303_RAD)
Add component (AddParameter): Name = "Alternate Part Number-1"; Value = "NA"; VariantName = "[No Variations]"
Add component (AddParameter): Name = "Case/Package"; Value = "Radial-SMD"; VariantName = "[No Variations]"
Add component (AddParameter): Name = "Manufacturer"; Value = "Nichicon"; VariantName = "[No Variations]"
Add component (AddParameter): Name = "Manufacturer Part Number"; Value = "UWT1E101MCL1GS"; VariantName = "[No Variations]"
Add component (AddParameter): Name = "Supplier Part Number-1"; Value = "UWT1E101MCL1GS"; VariantName = "[No Variations]"
Add component (AddParameter): Name = "Supplier-1"; Value = "SP ROAD"; VariantName = "[No Variations]"
Added Component: Designator=C79(ACAP_P236_D305_H303_RAD)
Add component (AddParameter): Name = "Alternate Part Number-1"; Value = "NA"; VariantName = "[No Variations]"
Add component (AddParameter): Name = "Case/Package"; Value = "Radial-SMD"; VariantName = "[No Variations]"
Add component (AddParameter): Name = "Manufacturer"; Value = "Nichicon"; VariantName = "[No Variations]"
Add component (AddParameter): Name = "Manufacturer Part Number"; Value = "UWT1E101MCL1GS"; VariantName = "[No Variations]"
Add component (AddParameter): Name = "Supplier Part Number-1"; Value = "UWT1E101MCL1GS"; VariantName = "[No Variations]"
Add component (AddParameter): Name = "Supplier-1"; Value = "SP ROAD"; VariantName = "[No Variations]"
Added Component: Designator=C80(CAP_1206)
Add component (AddParameter): Name = "Alternate Part Number-1"; Value = "GRT31CR61H106ME01L"; VariantName = "[No Variations]"
Add component (AddParameter): Name = "Case/Package"; Value = "1206"; VariantName = "[No Variations]"
Add component (AddParameter): Name = "Manufacturer"; Value = "KEMET"; VariantName = "[No Variations]"
Add component (AddParameter): Name = "Manufacturer Part Number"; Value = "CL31B106KBHNNNE"; VariantName = "[No Variations]"
Add component (AddParameter): Name = "Supplier Part Number-1"; Value = "CC1206KKX5R9BB106"; VariantName = "[No Variations]"
Add component (AddParameter): Name = "Supplier-1"; Value = "SIRICOM"; VariantName = "[No Variations]"
Added Component: Designator=C81(CAP_0805)
Add component (AddParameter): Name = "Alternate Part Number-1"; Value = "NA"; VariantName = "[No Variations]"
Add component (AddParameter): Name = "Case/Package"; Value = "0805"; VariantName = "[No Variations]"
Add component (AddParameter): Name = "Manufacturer"; Value = "Samsung"; VariantName = "[No Variations]"
Add component (AddParameter): Name = "Manufacturer Part Number"; Value = "CL21B104KBCNNNC"; VariantName = "[No Variations]"
Add component (AddParameter): Name = "Supplier Part Number-1"; Value = "0805B104K500CT"; VariantName = "[No Variations]"
Add component (AddParameter): Name = "Supplier-1"; Value = "SIRICOM"; VariantName = "[No Variations]"
Added Component: Designator=C82(CAP_0805)
Add component (AddParameter): Name = "Alternate Part Number-1"; Value = "0805F105M500NT"; VariantName = "[No Variations]"
Add component (AddParameter): Name = "Case/Package"; Value = "0805"; VariantName = "[No Variations]"
Add component (AddParameter): Name = "Manufacturer"; Value = "Samsung"; VariantName = "[No Variations]"
Add component (AddParameter): Name = "Manufacturer Part Number"; Value = "CC0805JKX7R9BB105"; VariantName = "[No Variations]"
Add component (AddParameter): Name = "Supplier Part Number-1"; Value = "CL21B105KBFNNNE"; VariantName = "[No Variations]"
Add component (AddParameter): Name = "Supplier-1"; Value = "SIRICOM"; VariantName = "[No Variations]"
Added Component: Designator=C83(CAP_1206)
Add component (AddParameter): Name = "Alternate Part Number-1"; Value = "GRT31CR61H106ME01L"; VariantName = "[No Variations]"
Add component (AddParameter): Name = "Case/Package"; Value = "1206"; VariantName = "[No Variations]"
Add component (AddParameter): Name = "Manufacturer"; Value = "KEMET"; VariantName = "[No Variations]"
Add component (AddParameter): Name = "Manufacturer Part Number"; Value = "CL31B106KBHNNNE"; VariantName = "[No Variations]"
Add component (AddParameter): Name = "Supplier Part Number-1"; Value = "CC1206KKX5R9BB106"; VariantName = "[No Variations]"
Add component (AddParameter): Name = "Supplier-1"; Value = "SIRICOM"; VariantName = "[No Variations]"
Added Component: Designator=C84(CAP_0805)
Add component (AddParameter): Name = "Alternate Part Number-1"; Value = "NA"; VariantName = "[No Variations]"
Add component (AddParameter): Name = "Case/Package"; Value = "0805"; VariantName = "[No Variations]"
Add component (AddParameter): Name = "Manufacturer"; Value = "Samsung"; VariantName = "[No Variations]"
Add component (AddParameter): Name = "Manufacturer Part Number"; Value = "CL21B104KBCNNNC"; VariantName = "[No Variations]"
Add component (AddParameter): Name = "Supplier Part Number-1"; Value = "0805B104K500CT"; VariantName = "[No Variations]"
Add component (AddParameter): Name = "Supplier-1"; Value = "SIRICOM"; VariantName = "[No Variations]"
Added Component: Designator=C85(CAP_0805)
Add component (AddParameter): Name = "Alternate Part Number-1"; Value = "0805F105M500NT"; VariantName = "[No Variations]"
Add component (AddParameter): Name = "Case/Package"; Value = "0805"; VariantName = "[No Variations]"
Add component (AddParameter): Name = "Manufacturer"; Value = "Samsung"; VariantName = "[No Variations]"
Add component (AddParameter): Name = "Manufacturer Part Number"; Value = "CC0805JKX7R9BB105"; VariantName = "[No Variations]"
Add component (AddParameter): Name = "Supplier Part Number-1"; Value = "CL21B105KBFNNNE"; VariantName = "[No Variations]"
Add component (AddParameter): Name = "Supplier-1"; Value = "SIRICOM"; VariantName = "[No Variations]"
Added Component: Designator=C86(CAP_1206)
Add component (AddParameter): Name = "Alternate Part Number-1"; Value = "GRT31CR61H106ME01L"; VariantName = "[No Variations]"
Add component (AddParameter): Name = "Case/Package"; Value = "1206"; VariantName = "[No Variations]"
Add component (AddParameter): Name = "Manufacturer"; Value = "KEMET"; VariantName = "[No Variations]"
Add component (AddParameter): Name = "Manufacturer Part Number"; Value = "CL31B106KBHNNNE"; VariantName = "[No Variations]"
Add component (AddParameter): Name = "Supplier Part Number-1"; Value = "CC1206KKX5R9BB106"; VariantName = "[No Variations]"
Add component (AddParameter): Name = "Supplier-1"; Value = "SIRICOM"; VariantName = "[No Variations]"
Added Component: Designator=C87(CAP_0805)
Add component (AddParameter): Name = "Alternate Part Number-1"; Value = "NA"; VariantName = "[No Variations]"
Add component (AddParameter): Name = "Case/Package"; Value = "0805"; VariantName = "[No Variations]"
Add component (AddParameter): Name = "Manufacturer"; Value = "Samsung"; VariantName = "[No Variations]"
Add component (AddParameter): Name = "Manufacturer Part Number"; Value = "CL21B104KBCNNNC"; VariantName = "[No Variations]"
Add component (AddParameter): Name = "Supplier Part Number-1"; Value = "0805B104K500CT"; VariantName = "[No Variations]"
Add component (AddParameter): Name = "Supplier-1"; Value = "SIRICOM"; VariantName = "[No Variations]"
Added Component: Designator=C88(CAP_0805)
Add component (AddParameter): Name = "Alternate Part Number-1"; Value = "0805F105M500NT"; VariantName = "[No Variations]"
Add component (AddParameter): Name = "Case/Package"; Value = "0805"; VariantName = "[No Variations]"
Add component (AddParameter): Name = "Manufacturer"; Value = "Samsung"; VariantName = "[No Variations]"
Add component (AddParameter): Name = "Manufacturer Part Number"; Value = "CC0805JKX7R9BB105"; VariantName = "[No Variations]"
Add component (AddParameter): Name = "Supplier Part Number-1"; Value = "CL21B105KBFNNNE"; VariantName = "[No Variations]"
Add component (AddParameter): Name = "Supplier-1"; Value = "SIRICOM"; VariantName = "[No Variations]"
Added Component: Designator=C89(CAP_1206)
Add component (AddParameter): Name = "Alternate Part Number-1"; Value = "GRT31CR61H106ME01L"; VariantName = "[No Variations]"
Add component (AddParameter): Name = "Case/Package"; Value = "1206"; VariantName = "[No Variations]"
Add component (AddParameter): Name = "Manufacturer"; Value = "KEMET"; VariantName = "[No Variations]"
Add component (AddParameter): Name = "Manufacturer Part Number"; Value = "CL31B106KBHNNNE"; VariantName = "[No Variations]"
Add component (AddParameter): Name = "Supplier Part Number-1"; Value = "CC1206KKX5R9BB106"; VariantName = "[No Variations]"
Add component (AddParameter): Name = "Supplier-1"; Value = "SIRICOM"; VariantName = "[No Variations]"
Added Component: Designator=C90(CAP_0805)
Add component (AddParameter): Name = "Alternate Part Number-1"; Value = "NA"; VariantName = "[No Variations]"
Add component (AddParameter): Name = "Case/Package"; Value = "0805"; VariantName = "[No Variations]"
Add component (AddParameter): Name = "Manufacturer"; Value = "Samsung"; VariantName = "[No Variations]"
Add component (AddParameter): Name = "Manufacturer Part Number"; Value = "CL21B104KBCNNNC"; VariantName = "[No Variations]"
Add component (AddParameter): Name = "Supplier Part Number-1"; Value = "0805B104K500CT"; VariantName = "[No Variations]"
Add component (AddParameter): Name = "Supplier-1"; Value = "SIRICOM"; VariantName = "[No Variations]"
Added Component: Designator=C91(CAP_0805)
Add component (AddParameter): Name = "Alternate Part Number-1"; Value = "0805F105M500NT"; VariantName = "[No Variations]"
Add component (AddParameter): Name = "Case/Package"; Value = "0805"; VariantName = "[No Variations]"
Add component (AddParameter): Name = "Manufacturer"; Value = "Samsung"; VariantName = "[No Variations]"
Add component (AddParameter): Name = "Manufacturer Part Number"; Value = "CC0805JKX7R9BB105"; VariantName = "[No Variations]"
Add component (AddParameter): Name = "Supplier Part Number-1"; Value = "CL21B105KBFNNNE"; VariantName = "[No Variations]"
Add component (AddParameter): Name = "Supplier-1"; Value = "SIRICOM"; VariantName = "[No Variations]"
Added Component: Designator=D1(DIO_SOD-923)
Add component (AddParameter): Name = "Alternate Part Number-1"; Value = "NA"; VariantName = "[No Variations]"
Add component (AddParameter): Name = "Case/Package"; Value = "SOD923"; VariantName = "[No Variations]"
Add component (AddParameter): Name = "Manufacturer"; Value = "Micro Commercial Co"; VariantName = "[No Variations]"
Add component (AddParameter): Name = "Manufacturer Part Number"; Value = "ESD3V3D9-TP"; VariantName = "[No Variations]"
Add component (AddParameter): Name = "Supplier Part Number-1"; Value = "ESD3V3D9-TPMSTR-ND"; VariantName = "[No Variations]"
Add component (AddParameter): Name = "Supplier-1"; Value = "Digikey"; VariantName = "[No Variations]"
Added Component: Designator=D2(DIO_SOD-923)
Add component (AddParameter): Name = "Alternate Part Number-1"; Value = "NA"; VariantName = "[No Variations]"
Add component (AddParameter): Name = "Case/Package"; Value = "SOD923"; VariantName = "[No Variations]"
Add component (AddParameter): Name = "Manufacturer"; Value = "Micro Commercial Co"; VariantName = "[No Variations]"
Add component (AddParameter): Name = "Manufacturer Part Number"; Value = "ESD3V3D9-TP"; VariantName = "[No Variations]"
Add component (AddParameter): Name = "Supplier Part Number-1"; Value = "ESD3V3D9-TPMSTR-ND"; VariantName = "[No Variations]"
Add component (AddParameter): Name = "Supplier-1"; Value = "Digikey"; VariantName = "[No Variations]"
Added Component: Designator=D3(DIO_SOD-923)
Add component (AddParameter): Name = "Alternate Part Number-1"; Value = "NA"; VariantName = "[No Variations]"
Add component (AddParameter): Name = "Case/Package"; Value = "SOD923"; VariantName = "[No Variations]"
Add component (AddParameter): Name = "Manufacturer"; Value = "Micro Commercial Co"; VariantName = "[No Variations]"
Add component (AddParameter): Name = "Manufacturer Part Number"; Value = "ESD3V3D9-TP"; VariantName = "[No Variations]"
Add component (AddParameter): Name = "Supplier Part Number-1"; Value = "ESD3V3D9-TPMSTR-ND"; VariantName = "[No Variations]"
Add component (AddParameter): Name = "Supplier-1"; Value = "Digikey"; VariantName = "[No Variations]"
Added Component: Designator=D4(DIO_SOD-923)
Add component (AddParameter): Name = "Alternate Part Number-1"; Value = "NA"; VariantName = "[No Variations]"
Add component (AddParameter): Name = "Case/Package"; Value = "SOD923"; VariantName = "[No Variations]"
Add component (AddParameter): Name = "Manufacturer"; Value = "Micro Commercial Co"; VariantName = "[No Variations]"
Add component (AddParameter): Name = "Manufacturer Part Number"; Value = "ESD3V3D9-TP"; VariantName = "[No Variations]"
Add component (AddParameter): Name = "Supplier Part Number-1"; Value = "ESD3V3D9-TPMSTR-ND"; VariantName = "[No Variations]"
Add component (AddParameter): Name = "Supplier-1"; Value = "Digikey"; VariantName = "[No Variations]"
Added Component: Designator=D5(DIO_SMB_DO-214AA)
Add component (AddParameter): Name = "Alternate Part Number-1"; Value = "NA"; VariantName = "[No Variations]"
Add component (AddParameter): Name = "Case/Package"; Value = "SMB"; VariantName = "[No Variations]"
Add component (AddParameter): Name = "Manufacturer"; Value = "ON Semiconductor"; VariantName = "[No Variations]"
Add component (AddParameter): Name = "Manufacturer Part Number"; Value = "MBRS130LT3G"; VariantName = "[No Variations]"
Add component (AddParameter): Name = "Supplier Part Number-1"; Value = "MBRS130LT3G"; VariantName = "[No Variations]"
Add component (AddParameter): Name = "Supplier-1"; Value = "ARROW"; VariantName = "[No Variations]"
Added Component: Designator=D6(DIO_DO-213AB_SMD)
Add component (AddParameter): Name = "Alternate Part Number-1"; Value = ""; VariantName = "[No Variations]"
Add component (AddParameter): Name = "Case/Package"; Value = ""; VariantName = "[No Variations]"
Add component (AddParameter): Name = "Manufacturer"; Value = ""; VariantName = "[No Variations]"
Add component (AddParameter): Name = "Manufacturer Part Number"; Value = ""; VariantName = "[No Variations]"
Add component (AddParameter): Name = "Supplier Part Number-1"; Value = ""; VariantName = "[No Variations]"
Add component (AddParameter): Name = "Supplier-1"; Value = ""; VariantName = "[No Variations]"
Added Component: Designator=D7(DIO_SMB_DO-214AA)
Add component (AddParameter): Name = "Alternate Part Number-1"; Value = "NA"; VariantName = "[No Variations]"
Add component (AddParameter): Name = "Case/Package"; Value = "SMB"; VariantName = "[No Variations]"
Add component (AddParameter): Name = "Manufacturer"; Value = "ON Semiconductor"; VariantName = "[No Variations]"
Add component (AddParameter): Name = "Manufacturer Part Number"; Value = "MBRS130LT3G"; VariantName = "[No Variations]"
Add component (AddParameter): Name = "Supplier Part Number-1"; Value = "MBRS130LT3G"; VariantName = "[No Variations]"
Add component (AddParameter): Name = "Supplier-1"; Value = "ARROW"; VariantName = "[No Variations]"
Added Component: Designator=D8(DIO_SOD80C)
Add component (AddParameter): Name = "Alternate Part Number-1"; Value = "TZM5226B-GS08"; VariantName = "[No Variations]"
Add component (AddParameter): Name = "Case/Package"; Value = "SOD-80"; VariantName = "[No Variations]"
Add component (AddParameter): Name = "Manufacturer"; Value = "Vishay Semiconductors"; VariantName = "[No Variations]"
Add component (AddParameter): Name = "Manufacturer Part Number"; Value = "BZV55-C3V3,135"; VariantName = "[No Variations]"
Add component (AddParameter): Name = "Supplier Part Number-1"; Value = "BZV55-C3V3"; VariantName = "[No Variations]"
Add component (AddParameter): Name = "Supplier-1"; Value = "SIRICOM"; VariantName = "[No Variations]"
Added Component: Designator=DS1(LED_0805)
Add component (AddParameter): Name = "Alternate Part Number-1"; Value = "NA"; VariantName = "[No Variations]"
Add component (AddParameter): Name = "Case/Package"; Value = "0805"; VariantName = "[No Variations]"
Add component (AddParameter): Name = "Manufacturer"; Value = "Vishay Lite-On"; VariantName = "[No Variations]"
Add component (AddParameter): Name = "Manufacturer Part Number"; Value = "LTST-C171GKT"; VariantName = "[No Variations]"
Add component (AddParameter): Name = "Supplier Part Number-1"; Value = "LTST-C171GKT"; VariantName = "[No Variations]"
Add component (AddParameter): Name = "Supplier-1"; Value = "SP ROAD"; VariantName = "[No Variations]"
Added Component: Designator=DS2(LED_0805)
Add component (AddParameter): Name = "Alternate Part Number-1"; Value = "NA"; VariantName = "[No Variations]"
Add component (AddParameter): Name = "Case/Package"; Value = "0805"; VariantName = "[No Variations]"
Add component (AddParameter): Name = "Manufacturer"; Value = "Vishay Lite-On"; VariantName = "[No Variations]"
Add component (AddParameter): Name = "Manufacturer Part Number"; Value = "LTST-C171GKT"; VariantName = "[No Variations]"
Add component (AddParameter): Name = "Supplier Part Number-1"; Value = "LTST-C171GKT"; VariantName = "[No Variations]"
Add component (AddParameter): Name = "Supplier-1"; Value = "SP ROAD"; VariantName = "[No Variations]"
Added Component: Designator=FB1(IND_0805)
Add component (AddParameter): Name = "Alternate Part Number-1"; Value = "NA"; VariantName = "[No Variations]"
Add component (AddParameter): Name = "Case/Package"; Value = "0805"; VariantName = "[No Variations]"
Add component (AddParameter): Name = "Manufacturer"; Value = "Laird"; VariantName = "[No Variations]"
Add component (AddParameter): Name = "Manufacturer Part Number"; Value = "BLM21SP102SH1D"; VariantName = "[No Variations]"
Add component (AddParameter): Name = "Supplier Part Number-1"; Value = "ACMS201209A102"; VariantName = "[No Variations]"
Add component (AddParameter): Name = "Supplier-1"; Value = "SIRICOM"; VariantName = "[No Variations]"
Added Component: Designator=FB2(IND_0805)
Add component (AddParameter): Name = "Alternate Part Number-1"; Value = "NA"; VariantName = "[No Variations]"
Add component (AddParameter): Name = "Case/Package"; Value = "0805"; VariantName = "[No Variations]"
Add component (AddParameter): Name = "Manufacturer"; Value = "Laird"; VariantName = "[No Variations]"
Add component (AddParameter): Name = "Manufacturer Part Number"; Value = "BLM21SP102SH1D"; VariantName = "[No Variations]"
Add component (AddParameter): Name = "Supplier Part Number-1"; Value = "ACMS201209A102"; VariantName = "[No Variations]"
Add component (AddParameter): Name = "Supplier-1"; Value = "SIRICOM"; VariantName = "[No Variations]"
Added Component: Designator=FB3(IND_0805)
Add component (AddParameter): Name = "Alternate Part Number-1"; Value = "NA"; VariantName = "[No Variations]"
Add component (AddParameter): Name = "Case/Package"; Value = "0805"; VariantName = "[No Variations]"
Add component (AddParameter): Name = "Manufacturer"; Value = "Laird"; VariantName = "[No Variations]"
Add component (AddParameter): Name = "Manufacturer Part Number"; Value = "BLM21SP102SH1D"; VariantName = "[No Variations]"
Add component (AddParameter): Name = "Supplier Part Number-1"; Value = "ACMS201209A102"; VariantName = "[No Variations]"
Add component (AddParameter): Name = "Supplier-1"; Value = "SIRICOM"; VariantName = "[No Variations]"
Added Component: Designator=FB4(IND_0805)
Add component (AddParameter): Name = "Alternate Part Number-1"; Value = "NA"; VariantName = "[No Variations]"
Add component (AddParameter): Name = "Case/Package"; Value = "0805"; VariantName = "[No Variations]"
Add component (AddParameter): Name = "Manufacturer"; Value = "Laird"; VariantName = "[No Variations]"
Add component (AddParameter): Name = "Manufacturer Part Number"; Value = "BLM21SP102SH1D"; VariantName = "[No Variations]"
Add component (AddParameter): Name = "Supplier Part Number-1"; Value = "ACMS201209A102"; VariantName = "[No Variations]"
Add component (AddParameter): Name = "Supplier-1"; Value = "SIRICOM"; VariantName = "[No Variations]"
Added Component: Designator=J1(CON10_P106_RJ45_TH_ST)
Add component (AddParameter): Name = "Alternate Part Number-1"; Value = "NA"; VariantName = "[No Variations]"
Add component (AddParameter): Name = "Case/Package"; Value = "TH-CON"; VariantName = "[No Variations]"
Add component (AddParameter): Name = "Manufacturer"; Value = "Assmann"; VariantName = "[No Variations]"
Add component (AddParameter): Name = "Manufacturer Part Number"; Value = "A-2004-2-4-LPS-N-R"; VariantName = "[No Variations]"
Add component (AddParameter): Name = "Supplier Part Number-1"; Value = "A-2004-2-4-LPS-N-R"; VariantName = "[No Variations]"
Add component (AddParameter): Name = "Supplier-1"; Value = "SP ROAD"; VariantName = "[No Variations]"
Added Component: Designator=J2(CON_690-005-299-043)
Add component (AddParameter): Name = "Alternate Part Number-1"; Value = "NA"; VariantName = "[No Variations]"
Add component (AddParameter): Name = "Case/Package"; Value = "USB-MINI-B"; VariantName = "[No Variations]"
Add component (AddParameter): Name = "Manufacturer"; Value = "EDAC"; VariantName = "[No Variations]"
Add component (AddParameter): Name = "Manufacturer Part Number"; Value = "690-005-299-043"; VariantName = "[No Variations]"
Add component (AddParameter): Name = "Supplier Part Number-1"; Value = "C105424"; VariantName = "[No Variations]"
Add component (AddParameter): Name = "Supplier-1"; Value = "LCSC"; VariantName = "[No Variations]"
Added Component: Designator=J3(CON6_100_59D78_TH_ST)
Add component (AddParameter): Name = "Alternate Part Number-1"; Value = "NA"; VariantName = "[No Variations]"
Add component (AddParameter): Name = "Case/Package"; Value = "TH-CON"; VariantName = "[No Variations]"
Add component (AddParameter): Name = "Manufacturer"; Value = "Molex"; VariantName = "[No Variations]"
Add component (AddParameter): Name = "Manufacturer Part Number"; Value = "22-10-2061"; VariantName = "[No Variations]"
Add component (AddParameter): Name = "Supplier Part Number-1"; Value = "NA"; VariantName = "[No Variations]"
Add component (AddParameter): Name = "Supplier-1"; Value = "SP ROAD"; VariantName = "[No Variations]"
Added Component: Designator=J4(CON4_100_S4B-XH-A_TH_RA)
Add component (AddParameter): Name = "Alternate Part Number-1"; Value = "NA"; VariantName = "[No Variations]"
Add component (AddParameter): Name = "Case/Package"; Value = "TH-CON"; VariantName = "[No Variations]"
Add component (AddParameter): Name = "Crimp Part Number"; Value = "ASXHSXH22K51"; VariantName = "[No Variations]"
Add component (AddParameter): Name = "Manufacturer"; Value = "Wurth Electronics"; VariantName = "[No Variations]"
Add component (AddParameter): Name = "Manufacturer Part Number"; Value = "S4B-XH-A-1(LF)(SN)"; VariantName = "[No Variations]"
Add component (AddParameter): Name = "Mating Part Number"; Value = "XHP-4"; VariantName = "[No Variations]"
Add component (AddParameter): Name = "Supplier Part Number-1"; Value = "S4B-XH-A"; VariantName = "[No Variations]"
Add component (AddParameter): Name = "Supplier-1"; Value = "LCSC"; VariantName = "[No Variations]"
Added Component: Designator=J5(CON4_100_S4B-XH-A_TH_RA)
Add component (AddParameter): Name = "Alternate Part Number-1"; Value = "NA"; VariantName = "[No Variations]"
Add component (AddParameter): Name = "Case/Package"; Value = "TH-CON"; VariantName = "[No Variations]"
Add component (AddParameter): Name = "Crimp Part Number"; Value = "ASXHSXH22K51"; VariantName = "[No Variations]"
Add component (AddParameter): Name = "Manufacturer"; Value = "Wurth Electronics"; VariantName = "[No Variations]"
Add component (AddParameter): Name = "Manufacturer Part Number"; Value = "S4B-XH-A-1(LF)(SN)"; VariantName = "[No Variations]"
Add component (AddParameter): Name = "Mating Part Number"; Value = "XHP-4"; VariantName = "[No Variations]"
Add component (AddParameter): Name = "Supplier Part Number-1"; Value = "S4B-XH-A"; VariantName = "[No Variations]"
Add component (AddParameter): Name = "Supplier-1"; Value = "LCSC"; VariantName = "[No Variations]"
Added Component: Designator=J6(CON_10118192-0001LF_SMD)
Add component (AddParameter): Name = "Alternate Part Number-1"; Value = "NA"; VariantName = "[No Variations]"
Add component (AddParameter): Name = "Case/Package"; Value = "USB MICRO-B SMD"; VariantName = "[No Variations]"
Add component (AddParameter): Name = "Manufacturer"; Value = "ICC"; VariantName = "[No Variations]"
Add component (AddParameter): Name = "Manufacturer Part Number"; Value = "10118192-0001LF"; VariantName = "[No Variations]"
Add component (AddParameter): Name = "Supplier Part Number-1"; Value = "MICRO USB"; VariantName = "[No Variations]"
Add component (AddParameter): Name = "Supplier-1"; Value = "SUNROM"; VariantName = "[No Variations]"
Added Component: Designator=J7(CON4_100_S4B-XH-A_TH_RA)
Add component (AddParameter): Name = "Alternate Part Number-1"; Value = "NA"; VariantName = "[No Variations]"
Add component (AddParameter): Name = "Case/Package"; Value = "TH-CON"; VariantName = "[No Variations]"
Add component (AddParameter): Name = "Crimp Part Number"; Value = "ASXHSXH22K51"; VariantName = "[No Variations]"
Add component (AddParameter): Name = "Manufacturer"; Value = "Wurth Electronics"; VariantName = "[No Variations]"
Add component (AddParameter): Name = "Manufacturer Part Number"; Value = "S4B-XH-A-1(LF)(SN)"; VariantName = "[No Variations]"
Add component (AddParameter): Name = "Mating Part Number"; Value = "XHP-4"; VariantName = "[No Variations]"
Add component (AddParameter): Name = "Supplier Part Number-1"; Value = "S4B-XH-A"; VariantName = "[No Variations]"
Add component (AddParameter): Name = "Supplier-1"; Value = "LCSC"; VariantName = "[No Variations]"
Added Component: Designator=J8(CON_SJ-2504A-SMT-TR_SMD)
Add component (AddParameter): Name = "Alternate Part Number-1"; Value = "NA"; VariantName = "[No Variations]"
Add component (AddParameter): Name = "Case/Package"; Value = "SMD"; VariantName = "[No Variations]"
Add component (AddParameter): Name = "Manufacturer"; Value = "CUI Devices"; VariantName = "[No Variations]"
Add component (AddParameter): Name = "Manufacturer Part Number"; Value = "SJ-2504A-SMT-TR"; VariantName = "[No Variations]"
Add component (AddParameter): Name = "Supplier Part Number-1"; Value = "CP-SJ-2504A-SMT-CT-ND - Cut Tape (CT)"; VariantName = "[No Variations]"
Add component (AddParameter): Name = "Supplier-1"; Value = "Digikey"; VariantName = "[No Variations]"
Added Component: Designator=J9(CON3_100_TB_TH_ST)
Add component (AddParameter): Name = "Alternate Part Number-1"; Value = "NA"; VariantName = "[No Variations]"
Add component (AddParameter): Name = "Case/Package"; Value = "TH-CON"; VariantName = "[No Variations]"
Add component (AddParameter): Name = "Manufacturer"; Value = "Phoenix Contact"; VariantName = "[No Variations]"
Add component (AddParameter): Name = "Manufacturer Part Number"; Value = "1725669"; VariantName = "[No Variations]"
Add component (AddParameter): Name = "Supplier Part Number-1"; Value = "1725669"; VariantName = "[No Variations]"
Add component (AddParameter): Name = "Supplier-1"; Value = "SP ROAD"; VariantName = "[No Variations]"
Added Component: Designator=MOTOR1(CON2_100_S2B-XH-A_TH_RA)
Add component (AddParameter): Name = "Alternate Part Number-1"; Value = "NA"; VariantName = "[No Variations]"
Add component (AddParameter): Name = "Case/Package"; Value = "TH-CON"; VariantName = "[No Variations]"
Add component (AddParameter): Name = "Crimp Part Number"; Value = "ASXHSXH22K51"; VariantName = "[No Variations]"
Add component (AddParameter): Name = "Manufacturer"; Value = "JST"; VariantName = "[No Variations]"
Add component (AddParameter): Name = "Manufacturer Part Number"; Value = "S2B-XH-A(LF)(SN)"; VariantName = "[No Variations]"
Add component (AddParameter): Name = "Mating Part Number"; Value = "XHP-2"; VariantName = "[No Variations]"
Add component (AddParameter): Name = "Supplier Part Number-1"; Value = "S2B-XH-A(LF)(SN)"; VariantName = "[No Variations]"
Add component (AddParameter): Name = "Supplier-1"; Value = "ARROW"; VariantName = "[No Variations]"
Added Component: Designator=MOTOR2(CON2_100_S2B-XH-A_TH_RA)
Add component (AddParameter): Name = "Alternate Part Number-1"; Value = "NA"; VariantName = "[No Variations]"
Add component (AddParameter): Name = "Case/Package"; Value = "TH-CON"; VariantName = "[No Variations]"
Add component (AddParameter): Name = "Crimp Part Number"; Value = "ASXHSXH22K51"; VariantName = "[No Variations]"
Add component (AddParameter): Name = "Manufacturer"; Value = "JST"; VariantName = "[No Variations]"
Add component (AddParameter): Name = "Manufacturer Part Number"; Value = "S2B-XH-A(LF)(SN)"; VariantName = "[No Variations]"
Add component (AddParameter): Name = "Mating Part Number"; Value = "XHP-2"; VariantName = "[No Variations]"
Add component (AddParameter): Name = "Supplier Part Number-1"; Value = "S2B-XH-A(LF)(SN)"; VariantName = "[No Variations]"
Add component (AddParameter): Name = "Supplier-1"; Value = "ARROW"; VariantName = "[No Variations]"
Added Component: Designator=Q1(SOT 23-3)
Add component (AddParameter): Name = "Alternate Part Number-1"; Value = "PMV50ENEAR"; VariantName = "[No Variations]"
Add component (AddParameter): Name = "Case/Package"; Value = "SOT23"; VariantName = "[No Variations]"
Add component (AddParameter): Name = "Manufacturer"; Value = "International Rectifier"; VariantName = "[No Variations]"
Add component (AddParameter): Name = "Manufacturer Part Number"; Value = "AO3404A"; VariantName = "[No Variations]"
Add component (AddParameter): Name = "Supplier Part Number-1"; Value = "AO3404A"; VariantName = "[No Variations]"
Add component (AddParameter): Name = "Supplier-1"; Value = "ARROW"; VariantName = "[No Variations]"
Added Component: Designator=Q2(SOT 23-3)
Add component (AddParameter): Name = "Alternate Part Number-1"; Value = "PMV50ENEAR"; VariantName = "[No Variations]"
Add component (AddParameter): Name = "Case/Package"; Value = "SOT23"; VariantName = "[No Variations]"
Add component (AddParameter): Name = "Manufacturer"; Value = "International Rectifier"; VariantName = "[No Variations]"
Add component (AddParameter): Name = "Manufacturer Part Number"; Value = "AO3404A"; VariantName = "[No Variations]"
Add component (AddParameter): Name = "Supplier Part Number-1"; Value = "AO3404A"; VariantName = "[No Variations]"
Add component (AddParameter): Name = "Supplier-1"; Value = "ARROW"; VariantName = "[No Variations]"
Added Component: Designator=Q3(SOT 23-3)
Add component (AddParameter): Name = "Alternate Part Number-1"; Value = "PMV50ENEAR"; VariantName = "[No Variations]"
Add component (AddParameter): Name = "Case/Package"; Value = "SOT23"; VariantName = "[No Variations]"
Add component (AddParameter): Name = "Manufacturer"; Value = "International Rectifier"; VariantName = "[No Variations]"
Add component (AddParameter): Name = "Manufacturer Part Number"; Value = "AO3404A"; VariantName = "[No Variations]"
Add component (AddParameter): Name = "Supplier Part Number-1"; Value = "AO3404A"; VariantName = "[No Variations]"
Add component (AddParameter): Name = "Supplier-1"; Value = "ARROW"; VariantName = "[No Variations]"
Added Component: Designator=Q4(SOT 23-3)
Add component (AddParameter): Name = "Alternate Part Number-1"; Value = "PMV50ENEAR"; VariantName = "[No Variations]"
Add component (AddParameter): Name = "Case/Package"; Value = "SOT23"; VariantName = "[No Variations]"
Add component (AddParameter): Name = "Manufacturer"; Value = "International Rectifier"; VariantName = "[No Variations]"
Add component (AddParameter): Name = "Manufacturer Part Number"; Value = "AO3404A"; VariantName = "[No Variations]"
Add component (AddParameter): Name = "Supplier Part Number-1"; Value = "AO3404A"; VariantName = "[No Variations]"
Add component (AddParameter): Name = "Supplier-1"; Value = "ARROW"; VariantName = "[No Variations]"
Added Component: Designator=Q5(SOT 23-3)
Add component (AddParameter): Name = "Alternate Part Number-1"; Value = "PMV50ENEAR"; VariantName = "[No Variations]"
Add component (AddParameter): Name = "Case/Package"; Value = "SOT23"; VariantName = "[No Variations]"
Add component (AddParameter): Name = "Manufacturer"; Value = "International Rectifier"; VariantName = "[No Variations]"
Add component (AddParameter): Name = "Manufacturer Part Number"; Value = "AO3404A"; VariantName = "[No Variations]"
Add component (AddParameter): Name = "Supplier Part Number-1"; Value = "AO3404A"; VariantName = "[No Variations]"
Add component (AddParameter): Name = "Supplier-1"; Value = "ARROW"; VariantName = "[No Variations]"
Added Component: Designator=Q6(SOT 23-3)
Add component (AddParameter): Name = "Alternate Part Number-1"; Value = "PMV50ENEAR"; VariantName = "[No Variations]"
Add component (AddParameter): Name = "Case/Package"; Value = "SOT23"; VariantName = "[No Variations]"
Add component (AddParameter): Name = "Manufacturer"; Value = "International Rectifier"; VariantName = "[No Variations]"
Add component (AddParameter): Name = "Manufacturer Part Number"; Value = "AO3404A"; VariantName = "[No Variations]"
Add component (AddParameter): Name = "Supplier Part Number-1"; Value = "AO3404A"; VariantName = "[No Variations]"
Add component (AddParameter): Name = "Supplier-1"; Value = "ARROW"; VariantName = "[No Variations]"
Added Component: Designator=Q7(SOT 23-3)
Add component (AddParameter): Name = "Alternate Part Number-1"; Value = "PMV50ENEAR"; VariantName = "[No Variations]"
Add component (AddParameter): Name = "Case/Package"; Value = "SOT23"; VariantName = "[No Variations]"
Add component (AddParameter): Name = "Manufacturer"; Value = "International Rectifier"; VariantName = "[No Variations]"
Add component (AddParameter): Name = "Manufacturer Part Number"; Value = "AO3404A"; VariantName = "[No Variations]"
Add component (AddParameter): Name = "Supplier Part Number-1"; Value = "AO3404A"; VariantName = "[No Variations]"
Add component (AddParameter): Name = "Supplier-1"; Value = "ARROW"; VariantName = "[No Variations]"
Added Component: Designator=Q8(SOT 23-3)
Add component (AddParameter): Name = "Alternate Part Number-1"; Value = "PMV50ENEAR"; VariantName = "[No Variations]"
Add component (AddParameter): Name = "Case/Package"; Value = "SOT23"; VariantName = "[No Variations]"
Add component (AddParameter): Name = "Manufacturer"; Value = "International Rectifier"; VariantName = "[No Variations]"
Add component (AddParameter): Name = "Manufacturer Part Number"; Value = "AO3404A"; VariantName = "[No Variations]"
Add component (AddParameter): Name = "Supplier Part Number-1"; Value = "AO3404A"; VariantName = "[No Variations]"
Add component (AddParameter): Name = "Supplier-1"; Value = "ARROW"; VariantName = "[No Variations]"
Added Component: Designator=R1(RES_0805)
Add component (AddParameter): Name = "Alternate Part Number-1"; Value = "WR08X1002FTL"; VariantName = "[No Variations]"
Add component (AddParameter): Name = "Case/Package"; Value = "0805"; VariantName = "[No Variations]"
Add component (AddParameter): Name = "Manufacturer"; Value = "CTS"; VariantName = "[No Variations]"
Add component (AddParameter): Name = "Manufacturer Part Number"; Value = "WR08X1002FTL"; VariantName = "[No Variations]"
Add component (AddParameter): Name = "Supplier Part Number-1"; Value = "WR08X1002FTL"; VariantName = "[No Variations]"
Add component (AddParameter): Name = "Supplier-1"; Value = "SIRICOM"; VariantName = "[No Variations]"
Added Component: Designator=R2(RES_0603)
Add component (AddParameter): Name = "Alternate Part Number-1"; Value = "0603WAJ0103T5E"; VariantName = "[No Variations]"
Add component (AddParameter): Name = "Case/Package"; Value = "0603"; VariantName = "[No Variations]"
Add component (AddParameter): Name = "Manufacturer"; Value = "Walsin"; VariantName = "[No Variations]"
Add component (AddParameter): Name = "Manufacturer Part Number"; Value = "WR06X1002FTL"; VariantName = "[No Variations]"
Add component (AddParameter): Name = "Supplier Part Number-1"; Value = "WR06X1002FTL"; VariantName = "[No Variations]"
Add component (AddParameter): Name = "Supplier-1"; Value = "SIRICOM"; VariantName = "[No Variations]"
Added Component: Designator=R3(RES_753_TH_INDC)
Add component (AddParameter): Name = "Alternate Part Number-1"; Value = "NA"; VariantName = "[No Variations]"
Add component (AddParameter): Name = "Case/Package"; Value = "Axial"; VariantName = "[No Variations]"
Add component (AddParameter): Name = "ComponentLink1Description"; Value = "https://datasheet.ciiva.com/28561/1911160-28561605.pdf?src-supplier=Element14"; VariantName = "[No Variations]"
Add component (AddParameter): Name = "ComponentLink1URL"; Value = "https://datasheet.ciiva.com/28561/1911160-28561605.pdf?src-supplier=Element14"; VariantName = "[No Variations]"
Add component (AddParameter): Name = "ComponentLink2Description"; Value = "https://datasheet.ciiva.com/16720/70122463-16720294.pdf?src-supplier=Allied+Electronics"; VariantName = "[No Variations]"
Add component (AddParameter): Name = "ComponentLink2URL"; Value = "https://datasheet.ciiva.com/16720/70122463-16720294.pdf?src-supplier=Allied+Electronics"; VariantName = "[No Variations]"
Add component (AddParameter): Name = "ComponentLink3Description"; Value = "https://datasheet.ciiva.com/2710/sfr16s25-2710487.pdf?src-supplier=Digi-Key"; VariantName = "[No Variations]"
Add component (AddParameter): Name = "ComponentLink3URL"; Value = "https://datasheet.ciiva.com/2710/sfr16s25-2710487.pdf?src-supplier=Digi-Key"; VariantName = "[No Variations]"
Add component (AddParameter): Name = "ComponentLink4Description"; Value = "https://datasheet.ciiva.com/2710/sfr16s25-2710488.pdf?src-supplier=Digi-Key"; VariantName = "[No Variations]"
Add component (AddParameter): Name = "ComponentLink4URL"; Value = "https://datasheet.ciiva.com/2710/sfr16s25-2710488.pdf?src-supplier=Digi-Key"; VariantName = "[No Variations]"
Add component (AddParameter): Name = "ComponentLink5Description"; Value = "https://datasheet.ciiva.com/7182/1819489-7182845.pdf?src-supplier=Newark"; VariantName = "[No Variations]"
Add component (AddParameter): Name = "ComponentLink5URL"; Value = "https://datasheet.ciiva.com/7182/1819489-7182845.pdf?src-supplier=Newark"; VariantName = "[No Variations]"
Add component (AddParameter): Name = "ComponentLink6Description"; Value = "https://datasheet.ciiva.com/16291/sfr16s25-16291262.pdf?src-supplier=Future+Electronics"; VariantName = "[No Variations]"
Add component (AddParameter): Name = "ComponentLink6URL"; Value = "https://datasheet.ciiva.com/16291/sfr16s25-16291262.pdf?src-supplier=Future+Electronics"; VariantName = "[No Variations]"
Add component (AddParameter): Name = "ComponentLink7Description"; Value = "https://datasheet.ciiva.com/3260/sfr16s25-3260959.pdf?src-supplier=Avnet"; VariantName = "[No Variations]"
Add component (AddParameter): Name = "ComponentLink7URL"; Value = "https://datasheet.ciiva.com/3260/sfr16s25-3260959.pdf?src-supplier=Avnet"; VariantName = "[No Variations]"
Add component (AddParameter): Name = "Manufacturer"; Value = "Vishay BCcomponents"; VariantName = "[No Variations]"
Add component (AddParameter): Name = "Manufacturer Part Number"; Value = "SFR16S0001002FR500"; VariantName = "[No Variations]"
Add component (AddParameter): Name = "Supplier 1"; Value = "Digi-Key"; VariantName = "[No Variations]"
Add component (AddParameter): Name = "Supplier Part Number-1"; Value = "PPC10.0KXCT-ND"; VariantName = "[No Variations]"
Add component (AddParameter): Name = "Supplier-1"; Value = "SIRICOM"; VariantName = "[No Variations]"
Added Component: Designator=R4(RES_0603)
Add component (AddParameter): Name = "Alternate Part Number-1"; Value = "0603WAJ0103T5E"; VariantName = "[No Variations]"
Add component (AddParameter): Name = "Case/Package"; Value = "0603"; VariantName = "[No Variations]"
Add component (AddParameter): Name = "Manufacturer"; Value = "Walsin"; VariantName = "[No Variations]"
Add component (AddParameter): Name = "Manufacturer Part Number"; Value = "WR06X1002FTL"; VariantName = "[No Variations]"
Add component (AddParameter): Name = "Supplier Part Number-1"; Value = "WR06X1002FTL"; VariantName = "[No Variations]"
Add component (AddParameter): Name = "Supplier-1"; Value = "SIRICOM"; VariantName = "[No Variations]"
Added Component: Designator=R5(RES_0805)
Add component (AddParameter): Name = "Alternate Part Number-1"; Value = "NA"; VariantName = "[No Variations]"
Add component (AddParameter): Name = "Case/Package"; Value = "0805"; VariantName = "[No Variations]"
Add component (AddParameter): Name = "Manufacturer"; Value = "Stackpole Electronics"; VariantName = "[No Variations]"
Add component (AddParameter): Name = "Manufacturer Part Number"; Value = "RC0805FR-076K49L"; VariantName = "[No Variations]"
Add component (AddParameter): Name = "Supplier Part Number-1"; Value = "WRO8X6491FTL"; VariantName = "[No Variations]"
Add component (AddParameter): Name = "Supplier-1"; Value = "SIRICOM"; VariantName = "[No Variations]"
Added Component: Designator=R6(RES_1206)
Add component (AddParameter): Name = "Alternate Part Number-1"; Value = "NA"; VariantName = "[No Variations]"
Add component (AddParameter): Name = "Case/Package"; Value = "1206"; VariantName = "[No Variations]"
Add component (AddParameter): Name = "Manufacturer"; Value = "Walsin"; VariantName = "[No Variations]"
Add component (AddParameter): Name = "Manufacturer Part Number"; Value = "WR12X1004FTL"; VariantName = "[No Variations]"
Add component (AddParameter): Name = "Supplier Part Number-1"; Value = "WR12X1004FTL"; VariantName = "[No Variations]"
Add component (AddParameter): Name = "Supplier-1"; Value = "SIRICOM"; VariantName = "[No Variations]"
Added Component: Designator=R7(RES_0805)
Add component (AddParameter): Name = "Alternate Part Number-1"; Value = "NA"; VariantName = "[No Variations]"
Add component (AddParameter): Name = "Case/Package"; Value = "0805"; VariantName = "[No Variations]"
Add component (AddParameter): Name = "Manufacturer"; Value = "Stackpole Electronics"; VariantName = "[No Variations]"
Add component (AddParameter): Name = "Manufacturer Part Number"; Value = "1623181-1"; VariantName = "[No Variations]"
Add component (AddParameter): Name = "Supplier Part Number-1"; Value = "WR08X2701FTL"; VariantName = "[No Variations]"
Add component (AddParameter): Name = "Supplier-1"; Value = "SIRICOM"; VariantName = "[No Variations]"
Added Component: Designator=R8(RES_2512)
Add component (AddParameter): Name = "Alternate Part Number-1"; Value = "CR2512J0R12E04"; VariantName = "[No Variations]"
Add component (AddParameter): Name = "Case/Package"; Value = "2512"; VariantName = "[No Variations]"
Add component (AddParameter): Name = "Manufacturer"; Value = "CTS Resistor Products"; VariantName = "[No Variations]"
Add component (AddParameter): Name = "Manufacturer Part Number"; Value = "73L7R10J"; VariantName = "[No Variations]"
Add component (AddParameter): Name = "Supplier Part Number-1"; Value = "NA"; VariantName = "[No Variations]"
Add component (AddParameter): Name = "Supplier-1"; Value = "SP ROAD"; VariantName = "[No Variations]"
Added Component: Designator=R9(RES_0603)
Add component (AddParameter): Name = "Alternate Part Number-1"; Value = "0603WAJ0103T5E"; VariantName = "[No Variations]"
Add component (AddParameter): Name = "Case/Package"; Value = "0603"; VariantName = "[No Variations]"
Add component (AddParameter): Name = "Manufacturer"; Value = "Walsin"; VariantName = "[No Variations]"
Add component (AddParameter): Name = "Manufacturer Part Number"; Value = "WR06X1002FTL"; VariantName = "[No Variations]"
Add component (AddParameter): Name = "Supplier Part Number-1"; Value = "WR06X1002FTL"; VariantName = "[No Variations]"
Add component (AddParameter): Name = "Supplier-1"; Value = "SIRICOM"; VariantName = "[No Variations]"
Added Component: Designator=R10(RES_2512)
Add component (AddParameter): Name = "Alternate Part Number-1"; Value = "CR2512J0R12E04"; VariantName = "[No Variations]"
Add component (AddParameter): Name = "Case/Package"; Value = "2512"; VariantName = "[No Variations]"
Add component (AddParameter): Name = "Manufacturer"; Value = "CTS Resistor Products"; VariantName = "[No Variations]"
Add component (AddParameter): Name = "Manufacturer Part Number"; Value = "73L7R10J"; VariantName = "[No Variations]"
Add component (AddParameter): Name = "Supplier Part Number-1"; Value = "NA"; VariantName = "[No Variations]"
Add component (AddParameter): Name = "Supplier-1"; Value = "SP ROAD"; VariantName = "[No Variations]"
Added Component: Designator=R11(RES_0805)
Add component (AddParameter): Name = "Alternate Part Number-1"; Value = "NA"; VariantName = "[No Variations]"
Add component (AddParameter): Name = "Case/Package"; Value = "0805"; VariantName = "[No Variations]"
Add component (AddParameter): Name = "Manufacturer"; Value = "Walsin"; VariantName = "[No Variations]"
Add component (AddParameter): Name = "Manufacturer Part Number"; Value = "WR08X1003FTL"; VariantName = "[No Variations]"
Add component (AddParameter): Name = "Supplier Part Number-1"; Value = "WR08X1003FTL"; VariantName = "[No Variations]"
Add component (AddParameter): Name = "Supplier-1"; Value = "SIRICOM"; VariantName = "[No Variations]"
Added Component: Designator=R12(RES_0603)
Add component (AddParameter): Name = "Alternate Part Number-1"; Value = "0603WAJ0103T5E"; VariantName = "[No Variations]"
Add component (AddParameter): Name = "Case/Package"; Value = "0603"; VariantName = "[No Variations]"
Add component (AddParameter): Name = "Manufacturer"; Value = "Walsin"; VariantName = "[No Variations]"
Add component (AddParameter): Name = "Manufacturer Part Number"; Value = "WR06X1002FTL"; VariantName = "[No Variations]"
Add component (AddParameter): Name = "Supplier Part Number-1"; Value = "WR06X1002FTL"; VariantName = "[No Variations]"
Add component (AddParameter): Name = "Supplier-1"; Value = "SIRICOM"; VariantName = "[No Variations]"
Added Component: Designator=R13(RES_0805)
Add component (AddParameter): Name = "Alternate Part Number-1"; Value = "NA"; VariantName = "[No Variations]"
Add component (AddParameter): Name = "Case/Package"; Value = "0805"; VariantName = "[No Variations]"
Add component (AddParameter): Name = "Manufacturer"; Value = "Walsin"; VariantName = "[No Variations]"
Add component (AddParameter): Name = "Manufacturer Part Number"; Value = "WR08X1003FTL"; VariantName = "[No Variations]"
Add component (AddParameter): Name = "Supplier Part Number-1"; Value = "WR08X1003FTL"; VariantName = "[No Variations]"
Add component (AddParameter): Name = "Supplier-1"; Value = "SIRICOM"; VariantName = "[No Variations]"
Added Component: Designator=R14(RES_0603)
Add component (AddParameter): Name = "Alternate Part Number-1"; Value = "NA"; VariantName = "[No Variations]"
Add component (AddParameter): Name = "Case/Package"; Value = "0603"; VariantName = "[No Variations]"
Add component (AddParameter): Name = "Manufacturer"; Value = "Panasonic Electronic Components"; VariantName = "[No Variations]"
Add component (AddParameter): Name = "Manufacturer Part Number"; Value = "ERJ-3RQF2R2V"; VariantName = "[No Variations]"
Add component (AddParameter): Name = "Supplier Part Number-1"; Value = "NA"; VariantName = "[No Variations]"
Add component (AddParameter): Name = "Supplier-1"; Value = "SIRICOM"; VariantName = "[No Variations]"
Added Component: Designator=R15(RES_0805)
Add component (AddParameter): Name = "Alternate Part Number-1"; Value = "0805W8F3301T5E"; VariantName = "[No Variations]"
Add component (AddParameter): Name = "Case/Package"; Value = "0805"; VariantName = "[No Variations]"
Add component (AddParameter): Name = "Manufacturer"; Value = "Panasonic"; VariantName = "[No Variations]"
Add component (AddParameter): Name = "Manufacturer Part Number"; Value = "1623214-1"; VariantName = "[No Variations]"
Add component (AddParameter): Name = "Supplier Part Number-1"; Value = "WR08X3301FTL"; VariantName = "[No Variations]"
Add component (AddParameter): Name = "Supplier-1"; Value = "SIRICOM"; VariantName = "[No Variations]"
Added Component: Designator=R16(RES_753_TH_INDC)
Add component (AddParameter): Name = "Alternate Part Number-1"; Value = "NA"; VariantName = "[No Variations]"
Add component (AddParameter): Name = "Case/Package"; Value = "Axial"; VariantName = "[No Variations]"
Add component (AddParameter): Name = "ComponentLink1Description"; Value = "https://datasheet.ciiva.com/28561/1911160-28561605.pdf?src-supplier=Element14"; VariantName = "[No Variations]"
Add component (AddParameter): Name = "ComponentLink1URL"; Value = "https://datasheet.ciiva.com/28561/1911160-28561605.pdf?src-supplier=Element14"; VariantName = "[No Variations]"
Add component (AddParameter): Name = "ComponentLink2Description"; Value = "https://datasheet.ciiva.com/16720/70122463-16720294.pdf?src-supplier=Allied+Electronics"; VariantName = "[No Variations]"
Add component (AddParameter): Name = "ComponentLink2URL"; Value = "https://datasheet.ciiva.com/16720/70122463-16720294.pdf?src-supplier=Allied+Electronics"; VariantName = "[No Variations]"
Add component (AddParameter): Name = "ComponentLink3Description"; Value = "https://datasheet.ciiva.com/2710/sfr16s25-2710487.pdf?src-supplier=Digi-Key"; VariantName = "[No Variations]"
Add component (AddParameter): Name = "ComponentLink3URL"; Value = "https://datasheet.ciiva.com/2710/sfr16s25-2710487.pdf?src-supplier=Digi-Key"; VariantName = "[No Variations]"
Add component (AddParameter): Name = "ComponentLink4Description"; Value = "https://datasheet.ciiva.com/2710/sfr16s25-2710488.pdf?src-supplier=Digi-Key"; VariantName = "[No Variations]"
Add component (AddParameter): Name = "ComponentLink4URL"; Value = "https://datasheet.ciiva.com/2710/sfr16s25-2710488.pdf?src-supplier=Digi-Key"; VariantName = "[No Variations]"
Add component (AddParameter): Name = "ComponentLink5Description"; Value = "https://datasheet.ciiva.com/7182/1819489-7182845.pdf?src-supplier=Newark"; VariantName = "[No Variations]"
Add component (AddParameter): Name = "ComponentLink5URL"; Value = "https://datasheet.ciiva.com/7182/1819489-7182845.pdf?src-supplier=Newark"; VariantName = "[No Variations]"
Add component (AddParameter): Name = "ComponentLink6Description"; Value = "https://datasheet.ciiva.com/16291/sfr16s25-16291262.pdf?src-supplier=Future+Electronics"; VariantName = "[No Variations]"
Add component (AddParameter): Name = "ComponentLink6URL"; Value = "https://datasheet.ciiva.com/16291/sfr16s25-16291262.pdf?src-supplier=Future+Electronics"; VariantName = "[No Variations]"
Add component (AddParameter): Name = "ComponentLink7Description"; Value = "https://datasheet.ciiva.com/3260/sfr16s25-3260959.pdf?src-supplier=Avnet"; VariantName = "[No Variations]"
Add component (AddParameter): Name = "ComponentLink7URL"; Value = "https://datasheet.ciiva.com/3260/sfr16s25-3260959.pdf?src-supplier=Avnet"; VariantName = "[No Variations]"
Add component (AddParameter): Name = "Manufacturer"; Value = "Vishay BCcomponents"; VariantName = "[No Variations]"
Add component (AddParameter): Name = "Manufacturer Part Number"; Value = "SFR16S0001002FR500"; VariantName = "[No Variations]"
Add component (AddParameter): Name = "Supplier 1"; Value = "Digi-Key"; VariantName = "[No Variations]"
Add component (AddParameter): Name = "Supplier Part Number-1"; Value = "PPC10.0KXCT-ND"; VariantName = "[No Variations]"
Add component (AddParameter): Name = "Supplier-1"; Value = "SIRICOM"; VariantName = "[No Variations]"
Added Component: Designator=R17(RES_753_TH_INDC)
Add component (AddParameter): Name = "Alternate Part Number-1"; Value = "NA"; VariantName = "[No Variations]"
Add component (AddParameter): Name = "Case/Package"; Value = "Axial"; VariantName = "[No Variations]"
Add component (AddParameter): Name = "ComponentLink1Description"; Value = "https://datasheet.ciiva.com/28561/1911160-28561605.pdf?src-supplier=Element14"; VariantName = "[No Variations]"
Add component (AddParameter): Name = "ComponentLink1URL"; Value = "https://datasheet.ciiva.com/28561/1911160-28561605.pdf?src-supplier=Element14"; VariantName = "[No Variations]"
Add component (AddParameter): Name = "ComponentLink2Description"; Value = "https://datasheet.ciiva.com/16720/70122463-16720294.pdf?src-supplier=Allied+Electronics"; VariantName = "[No Variations]"
Add component (AddParameter): Name = "ComponentLink2URL"; Value = "https://datasheet.ciiva.com/16720/70122463-16720294.pdf?src-supplier=Allied+Electronics"; VariantName = "[No Variations]"
Add component (AddParameter): Name = "ComponentLink3Description"; Value = "https://datasheet.ciiva.com/2710/sfr16s25-2710487.pdf?src-supplier=Digi-Key"; VariantName = "[No Variations]"
Add component (AddParameter): Name = "ComponentLink3URL"; Value = "https://datasheet.ciiva.com/2710/sfr16s25-2710487.pdf?src-supplier=Digi-Key"; VariantName = "[No Variations]"
Add component (AddParameter): Name = "ComponentLink4Description"; Value = "https://datasheet.ciiva.com/2710/sfr16s25-2710488.pdf?src-supplier=Digi-Key"; VariantName = "[No Variations]"
Add component (AddParameter): Name = "ComponentLink4URL"; Value = "https://datasheet.ciiva.com/2710/sfr16s25-2710488.pdf?src-supplier=Digi-Key"; VariantName = "[No Variations]"
Add component (AddParameter): Name = "ComponentLink5Description"; Value = "https://datasheet.ciiva.com/7182/1819489-7182845.pdf?src-supplier=Newark"; VariantName = "[No Variations]"
Add component (AddParameter): Name = "ComponentLink5URL"; Value = "https://datasheet.ciiva.com/7182/1819489-7182845.pdf?src-supplier=Newark"; VariantName = "[No Variations]"
Add component (AddParameter): Name = "ComponentLink6Description"; Value = "https://datasheet.ciiva.com/16291/sfr16s25-16291262.pdf?src-supplier=Future+Electronics"; VariantName = "[No Variations]"
Add component (AddParameter): Name = "ComponentLink6URL"; Value = "https://datasheet.ciiva.com/16291/sfr16s25-16291262.pdf?src-supplier=Future+Electronics"; VariantName = "[No Variations]"
Add component (AddParameter): Name = "ComponentLink7Description"; Value = "https://datasheet.ciiva.com/3260/sfr16s25-3260959.pdf?src-supplier=Avnet"; VariantName = "[No Variations]"
Add component (AddParameter): Name = "ComponentLink7URL"; Value = "https://datasheet.ciiva.com/3260/sfr16s25-3260959.pdf?src-supplier=Avnet"; VariantName = "[No Variations]"
Add component (AddParameter): Name = "Manufacturer"; Value = "Vishay BCcomponents"; VariantName = "[No Variations]"
Add component (AddParameter): Name = "Manufacturer Part Number"; Value = "SFR16S0001002FR500"; VariantName = "[No Variations]"
Add component (AddParameter): Name = "Supplier 1"; Value = "Digi-Key"; VariantName = "[No Variations]"
Add component (AddParameter): Name = "Supplier Part Number-1"; Value = "PPC10.0KXCT-ND"; VariantName = "[No Variations]"
Add component (AddParameter): Name = "Supplier-1"; Value = "SIRICOM"; VariantName = "[No Variations]"
Added Component: Designator=R18(RES_753_TH_INDC)
Add component (AddParameter): Name = "Alternate Part Number-1"; Value = "NA"; VariantName = "[No Variations]"
Add component (AddParameter): Name = "Case/Package"; Value = "Axial"; VariantName = "[No Variations]"
Add component (AddParameter): Name = "ComponentLink1Description"; Value = "https://datasheet.ciiva.com/28561/1911160-28561605.pdf?src-supplier=Element14"; VariantName = "[No Variations]"
Add component (AddParameter): Name = "ComponentLink1URL"; Value = "https://datasheet.ciiva.com/28561/1911160-28561605.pdf?src-supplier=Element14"; VariantName = "[No Variations]"
Add component (AddParameter): Name = "ComponentLink2Description"; Value = "https://datasheet.ciiva.com/16720/70122463-16720294.pdf?src-supplier=Allied+Electronics"; VariantName = "[No Variations]"
Add component (AddParameter): Name = "ComponentLink2URL"; Value = "https://datasheet.ciiva.com/16720/70122463-16720294.pdf?src-supplier=Allied+Electronics"; VariantName = "[No Variations]"
Add component (AddParameter): Name = "ComponentLink3Description"; Value = "https://datasheet.ciiva.com/2710/sfr16s25-2710487.pdf?src-supplier=Digi-Key"; VariantName = "[No Variations]"
Add component (AddParameter): Name = "ComponentLink3URL"; Value = "https://datasheet.ciiva.com/2710/sfr16s25-2710487.pdf?src-supplier=Digi-Key"; VariantName = "[No Variations]"
Add component (AddParameter): Name = "ComponentLink4Description"; Value = "https://datasheet.ciiva.com/2710/sfr16s25-2710488.pdf?src-supplier=Digi-Key"; VariantName = "[No Variations]"
Add component (AddParameter): Name = "ComponentLink4URL"; Value = "https://datasheet.ciiva.com/2710/sfr16s25-2710488.pdf?src-supplier=Digi-Key"; VariantName = "[No Variations]"
Add component (AddParameter): Name = "ComponentLink5Description"; Value = "https://datasheet.ciiva.com/7182/1819489-7182845.pdf?src-supplier=Newark"; VariantName = "[No Variations]"
Add component (AddParameter): Name = "ComponentLink5URL"; Value = "https://datasheet.ciiva.com/7182/1819489-7182845.pdf?src-supplier=Newark"; VariantName = "[No Variations]"
Add component (AddParameter): Name = "ComponentLink6Description"; Value = "https://datasheet.ciiva.com/16291/sfr16s25-16291262.pdf?src-supplier=Future+Electronics"; VariantName = "[No Variations]"
Add component (AddParameter): Name = "ComponentLink6URL"; Value = "https://datasheet.ciiva.com/16291/sfr16s25-16291262.pdf?src-supplier=Future+Electronics"; VariantName = "[No Variations]"
Add component (AddParameter): Name = "ComponentLink7Description"; Value = "https://datasheet.ciiva.com/3260/sfr16s25-3260959.pdf?src-supplier=Avnet"; VariantName = "[No Variations]"
Add component (AddParameter): Name = "ComponentLink7URL"; Value = "https://datasheet.ciiva.com/3260/sfr16s25-3260959.pdf?src-supplier=Avnet"; VariantName = "[No Variations]"
Add component (AddParameter): Name = "Manufacturer"; Value = "Vishay BCcomponents"; VariantName = "[No Variations]"
Add component (AddParameter): Name = "Manufacturer Part Number"; Value = "SFR16S0001002FR500"; VariantName = "[No Variations]"
Add component (AddParameter): Name = "Supplier 1"; Value = "Digi-Key"; VariantName = "[No Variations]"
Add component (AddParameter): Name = "Supplier Part Number-1"; Value = "PPC10.0KXCT-ND"; VariantName = "[No Variations]"
Add component (AddParameter): Name = "Supplier-1"; Value = "SIRICOM"; VariantName = "[No Variations]"
Added Component: Designator=R19(RES_753_TH_INDC)
Add component (AddParameter): Name = "Alternate Part Number-1"; Value = "NA"; VariantName = "[No Variations]"
Add component (AddParameter): Name = "Case/Package"; Value = "Axial"; VariantName = "[No Variations]"
Add component (AddParameter): Name = "ComponentLink1Description"; Value = "https://datasheet.ciiva.com/28561/1911160-28561605.pdf?src-supplier=Element14"; VariantName = "[No Variations]"
Add component (AddParameter): Name = "ComponentLink1URL"; Value = "https://datasheet.ciiva.com/28561/1911160-28561605.pdf?src-supplier=Element14"; VariantName = "[No Variations]"
Add component (AddParameter): Name = "ComponentLink2Description"; Value = "https://datasheet.ciiva.com/16720/70122463-16720294.pdf?src-supplier=Allied+Electronics"; VariantName = "[No Variations]"
Add component (AddParameter): Name = "ComponentLink2URL"; Value = "https://datasheet.ciiva.com/16720/70122463-16720294.pdf?src-supplier=Allied+Electronics"; VariantName = "[No Variations]"
Add component (AddParameter): Name = "ComponentLink3Description"; Value = "https://datasheet.ciiva.com/2710/sfr16s25-2710487.pdf?src-supplier=Digi-Key"; VariantName = "[No Variations]"
Add component (AddParameter): Name = "ComponentLink3URL"; Value = "https://datasheet.ciiva.com/2710/sfr16s25-2710487.pdf?src-supplier=Digi-Key"; VariantName = "[No Variations]"
Add component (AddParameter): Name = "ComponentLink4Description"; Value = "https://datasheet.ciiva.com/2710/sfr16s25-2710488.pdf?src-supplier=Digi-Key"; VariantName = "[No Variations]"
Add component (AddParameter): Name = "ComponentLink4URL"; Value = "https://datasheet.ciiva.com/2710/sfr16s25-2710488.pdf?src-supplier=Digi-Key"; VariantName = "[No Variations]"
Add component (AddParameter): Name = "ComponentLink5Description"; Value = "https://datasheet.ciiva.com/7182/1819489-7182845.pdf?src-supplier=Newark"; VariantName = "[No Variations]"
Add component (AddParameter): Name = "ComponentLink5URL"; Value = "https://datasheet.ciiva.com/7182/1819489-7182845.pdf?src-supplier=Newark"; VariantName = "[No Variations]"
Add component (AddParameter): Name = "ComponentLink6Description"; Value = "https://datasheet.ciiva.com/16291/sfr16s25-16291262.pdf?src-supplier=Future+Electronics"; VariantName = "[No Variations]"
Add component (AddParameter): Name = "ComponentLink6URL"; Value = "https://datasheet.ciiva.com/16291/sfr16s25-16291262.pdf?src-supplier=Future+Electronics"; VariantName = "[No Variations]"
Add component (AddParameter): Name = "ComponentLink7Description"; Value = "https://datasheet.ciiva.com/3260/sfr16s25-3260959.pdf?src-supplier=Avnet"; VariantName = "[No Variations]"
Add component (AddParameter): Name = "ComponentLink7URL"; Value = "https://datasheet.ciiva.com/3260/sfr16s25-3260959.pdf?src-supplier=Avnet"; VariantName = "[No Variations]"
Add component (AddParameter): Name = "Manufacturer"; Value = "Vishay BCcomponents"; VariantName = "[No Variations]"
Add component (AddParameter): Name = "Manufacturer Part Number"; Value = "SFR16S0001002FR500"; VariantName = "[No Variations]"
Add component (AddParameter): Name = "Supplier 1"; Value = "Digi-Key"; VariantName = "[No Variations]"
Add component (AddParameter): Name = "Supplier Part Number-1"; Value = "PPC10.0KXCT-ND"; VariantName = "[No Variations]"
Add component (AddParameter): Name = "Supplier-1"; Value = "SIRICOM"; VariantName = "[No Variations]"
Added Component: Designator=R20(RES_2512)
Add component (AddParameter): Name = "Alternate Part Number-1"; Value = "PMR100HZPFU5L00"; VariantName = "[No Variations]"
Add component (AddParameter): Name = "Case/Package"; Value = "2512"; VariantName = "[No Variations]"
Add component (AddParameter): Name = "Manufacturer"; Value = "Yageo"; VariantName = "[No Variations]"
Add component (AddParameter): Name = "Manufacturer Part Number"; Value = "PA2512FKF7W0R05E"; VariantName = "[No Variations]"
Add component (AddParameter): Name = "Supplier Part Number-1"; Value = "LR2512-22R060F1"; VariantName = "[No Variations]"
Add component (AddParameter): Name = "Supplier-1"; Value = "SIRICOM"; VariantName = "[No Variations]"
Added Component: Designator=R21(RES_0805)
Add component (AddParameter): Name = "Alternate Part Number-1"; Value = "NA"; VariantName = "[No Variations]"
Add component (AddParameter): Name = "Case/Package"; Value = "0805"; VariantName = "[No Variations]"
Add component (AddParameter): Name = "Manufacturer"; Value = "Vishay BCcomponents"; VariantName = "[No Variations]"
Add component (AddParameter): Name = "Manufacturer Part Number"; Value = "CRG0805F33K"; VariantName = "[No Variations]"
Add component (AddParameter): Name = "Supplier Part Number-1"; Value = "WR08X3302FTL"; VariantName = "[No Variations]"
Add component (AddParameter): Name = "Supplier-1"; Value = "SIRICOM"; VariantName = "[No Variations]"
Added Component: Designator=R22(RES_753_TH_INDC)
Add component (AddParameter): Name = "Alternate Part Number-1"; Value = "NA"; VariantName = "[No Variations]"
Add component (AddParameter): Name = "Case/Package"; Value = "Axial"; VariantName = "[No Variations]"
Add component (AddParameter): Name = "ComponentLink1Description"; Value = "https://datasheet.ciiva.com/28561/1911160-28561605.pdf?src-supplier=Element14"; VariantName = "[No Variations]"
Add component (AddParameter): Name = "ComponentLink1URL"; Value = "https://datasheet.ciiva.com/28561/1911160-28561605.pdf?src-supplier=Element14"; VariantName = "[No Variations]"
Add component (AddParameter): Name = "ComponentLink2Description"; Value = "https://datasheet.ciiva.com/16720/70122463-16720294.pdf?src-supplier=Allied+Electronics"; VariantName = "[No Variations]"
Add component (AddParameter): Name = "ComponentLink2URL"; Value = "https://datasheet.ciiva.com/16720/70122463-16720294.pdf?src-supplier=Allied+Electronics"; VariantName = "[No Variations]"
Add component (AddParameter): Name = "ComponentLink3Description"; Value = "https://datasheet.ciiva.com/2710/sfr16s25-2710487.pdf?src-supplier=Digi-Key"; VariantName = "[No Variations]"
Add component (AddParameter): Name = "ComponentLink3URL"; Value = "https://datasheet.ciiva.com/2710/sfr16s25-2710487.pdf?src-supplier=Digi-Key"; VariantName = "[No Variations]"
Add component (AddParameter): Name = "ComponentLink4Description"; Value = "https://datasheet.ciiva.com/2710/sfr16s25-2710488.pdf?src-supplier=Digi-Key"; VariantName = "[No Variations]"
Add component (AddParameter): Name = "ComponentLink4URL"; Value = "https://datasheet.ciiva.com/2710/sfr16s25-2710488.pdf?src-supplier=Digi-Key"; VariantName = "[No Variations]"
Add component (AddParameter): Name = "ComponentLink5Description"; Value = "https://datasheet.ciiva.com/7182/1819489-7182845.pdf?src-supplier=Newark"; VariantName = "[No Variations]"
Add component (AddParameter): Name = "ComponentLink5URL"; Value = "https://datasheet.ciiva.com/7182/1819489-7182845.pdf?src-supplier=Newark"; VariantName = "[No Variations]"
Add component (AddParameter): Name = "ComponentLink6Description"; Value = "https://datasheet.ciiva.com/16291/sfr16s25-16291262.pdf?src-supplier=Future+Electronics"; VariantName = "[No Variations]"
Add component (AddParameter): Name = "ComponentLink6URL"; Value = "https://datasheet.ciiva.com/16291/sfr16s25-16291262.pdf?src-supplier=Future+Electronics"; VariantName = "[No Variations]"
Add component (AddParameter): Name = "ComponentLink7Description"; Value = "https://datasheet.ciiva.com/3260/sfr16s25-3260959.pdf?src-supplier=Avnet"; VariantName = "[No Variations]"
Add component (AddParameter): Name = "ComponentLink7URL"; Value = "https://datasheet.ciiva.com/3260/sfr16s25-3260959.pdf?src-supplier=Avnet"; VariantName = "[No Variations]"
Add component (AddParameter): Name = "Manufacturer"; Value = "Vishay BCcomponents"; VariantName = "[No Variations]"
Add component (AddParameter): Name = "Manufacturer Part Number"; Value = "SFR16S0001002FR500"; VariantName = "[No Variations]"
Add component (AddParameter): Name = "Supplier 1"; Value = "Digi-Key"; VariantName = "[No Variations]"
Add component (AddParameter): Name = "Supplier Part Number-1"; Value = "PPC10.0KXCT-ND"; VariantName = "[No Variations]"
Add component (AddParameter): Name = "Supplier-1"; Value = "SIRICOM"; VariantName = "[No Variations]"
Added Component: Designator=R23(RES_753_TH_INDC)
Add component (AddParameter): Name = "Alternate Part Number-1"; Value = "NA"; VariantName = "[No Variations]"
Add component (AddParameter): Name = "Case/Package"; Value = "Axial"; VariantName = "[No Variations]"
Add component (AddParameter): Name = "ComponentLink1Description"; Value = "https://datasheet.ciiva.com/28561/1911160-28561605.pdf?src-supplier=Element14"; VariantName = "[No Variations]"
Add component (AddParameter): Name = "ComponentLink1URL"; Value = "https://datasheet.ciiva.com/28561/1911160-28561605.pdf?src-supplier=Element14"; VariantName = "[No Variations]"
Add component (AddParameter): Name = "ComponentLink2Description"; Value = "https://datasheet.ciiva.com/16720/70122463-16720294.pdf?src-supplier=Allied+Electronics"; VariantName = "[No Variations]"
Add component (AddParameter): Name = "ComponentLink2URL"; Value = "https://datasheet.ciiva.com/16720/70122463-16720294.pdf?src-supplier=Allied+Electronics"; VariantName = "[No Variations]"
Add component (AddParameter): Name = "ComponentLink3Description"; Value = "https://datasheet.ciiva.com/2710/sfr16s25-2710487.pdf?src-supplier=Digi-Key"; VariantName = "[No Variations]"
Add component (AddParameter): Name = "ComponentLink3URL"; Value = "https://datasheet.ciiva.com/2710/sfr16s25-2710487.pdf?src-supplier=Digi-Key"; VariantName = "[No Variations]"
Add component (AddParameter): Name = "ComponentLink4Description"; Value = "https://datasheet.ciiva.com/2710/sfr16s25-2710488.pdf?src-supplier=Digi-Key"; VariantName = "[No Variations]"
Add component (AddParameter): Name = "ComponentLink4URL"; Value = "https://datasheet.ciiva.com/2710/sfr16s25-2710488.pdf?src-supplier=Digi-Key"; VariantName = "[No Variations]"
Add component (AddParameter): Name = "ComponentLink5Description"; Value = "https://datasheet.ciiva.com/7182/1819489-7182845.pdf?src-supplier=Newark"; VariantName = "[No Variations]"
Add component (AddParameter): Name = "ComponentLink5URL"; Value = "https://datasheet.ciiva.com/7182/1819489-7182845.pdf?src-supplier=Newark"; VariantName = "[No Variations]"
Add component (AddParameter): Name = "ComponentLink6Description"; Value = "https://datasheet.ciiva.com/16291/sfr16s25-16291262.pdf?src-supplier=Future+Electronics"; VariantName = "[No Variations]"
Add component (AddParameter): Name = "ComponentLink6URL"; Value = "https://datasheet.ciiva.com/16291/sfr16s25-16291262.pdf?src-supplier=Future+Electronics"; VariantName = "[No Variations]"
Add component (AddParameter): Name = "ComponentLink7Description"; Value = "https://datasheet.ciiva.com/3260/sfr16s25-3260959.pdf?src-supplier=Avnet"; VariantName = "[No Variations]"
Add component (AddParameter): Name = "ComponentLink7URL"; Value = "https://datasheet.ciiva.com/3260/sfr16s25-3260959.pdf?src-supplier=Avnet"; VariantName = "[No Variations]"
Add component (AddParameter): Name = "Manufacturer"; Value = "Vishay BCcomponents"; VariantName = "[No Variations]"
Add component (AddParameter): Name = "Manufacturer Part Number"; Value = "SFR16S0001002FR500"; VariantName = "[No Variations]"
Add component (AddParameter): Name = "Supplier 1"; Value = "Digi-Key"; VariantName = "[No Variations]"
Add component (AddParameter): Name = "Supplier Part Number-1"; Value = "PPC10.0KXCT-ND"; VariantName = "[No Variations]"
Add component (AddParameter): Name = "Supplier-1"; Value = "SIRICOM"; VariantName = "[No Variations]"
Added Component: Designator=R24(RES_753_TH_INDC)
Add component (AddParameter): Name = "Alternate Part Number-1"; Value = "NA"; VariantName = "[No Variations]"
Add component (AddParameter): Name = "Case/Package"; Value = "Axial"; VariantName = "[No Variations]"
Add component (AddParameter): Name = "ComponentLink1Description"; Value = "https://datasheet.ciiva.com/28561/1911160-28561605.pdf?src-supplier=Element14"; VariantName = "[No Variations]"
Add component (AddParameter): Name = "ComponentLink1URL"; Value = "https://datasheet.ciiva.com/28561/1911160-28561605.pdf?src-supplier=Element14"; VariantName = "[No Variations]"
Add component (AddParameter): Name = "ComponentLink2Description"; Value = "https://datasheet.ciiva.com/16720/70122463-16720294.pdf?src-supplier=Allied+Electronics"; VariantName = "[No Variations]"
Add component (AddParameter): Name = "ComponentLink2URL"; Value = "https://datasheet.ciiva.com/16720/70122463-16720294.pdf?src-supplier=Allied+Electronics"; VariantName = "[No Variations]"
Add component (AddParameter): Name = "ComponentLink3Description"; Value = "https://datasheet.ciiva.com/2710/sfr16s25-2710487.pdf?src-supplier=Digi-Key"; VariantName = "[No Variations]"
Add component (AddParameter): Name = "ComponentLink3URL"; Value = "https://datasheet.ciiva.com/2710/sfr16s25-2710487.pdf?src-supplier=Digi-Key"; VariantName = "[No Variations]"
Add component (AddParameter): Name = "ComponentLink4Description"; Value = "https://datasheet.ciiva.com/2710/sfr16s25-2710488.pdf?src-supplier=Digi-Key"; VariantName = "[No Variations]"
Add component (AddParameter): Name = "ComponentLink4URL"; Value = "https://datasheet.ciiva.com/2710/sfr16s25-2710488.pdf?src-supplier=Digi-Key"; VariantName = "[No Variations]"
Add component (AddParameter): Name = "ComponentLink5Description"; Value = "https://datasheet.ciiva.com/7182/1819489-7182845.pdf?src-supplier=Newark"; VariantName = "[No Variations]"
Add component (AddParameter): Name = "ComponentLink5URL"; Value = "https://datasheet.ciiva.com/7182/1819489-7182845.pdf?src-supplier=Newark"; VariantName = "[No Variations]"
Add component (AddParameter): Name = "ComponentLink6Description"; Value = "https://datasheet.ciiva.com/16291/sfr16s25-16291262.pdf?src-supplier=Future+Electronics"; VariantName = "[No Variations]"
Add component (AddParameter): Name = "ComponentLink6URL"; Value = "https://datasheet.ciiva.com/16291/sfr16s25-16291262.pdf?src-supplier=Future+Electronics"; VariantName = "[No Variations]"
Add component (AddParameter): Name = "ComponentLink7Description"; Value = "https://datasheet.ciiva.com/3260/sfr16s25-3260959.pdf?src-supplier=Avnet"; VariantName = "[No Variations]"
Add component (AddParameter): Name = "ComponentLink7URL"; Value = "https://datasheet.ciiva.com/3260/sfr16s25-3260959.pdf?src-supplier=Avnet"; VariantName = "[No Variations]"
Add component (AddParameter): Name = "Manufacturer"; Value = "Vishay BCcomponents"; VariantName = "[No Variations]"
Add component (AddParameter): Name = "Manufacturer Part Number"; Value = "SFR16S0001002FR500"; VariantName = "[No Variations]"
Add component (AddParameter): Name = "Supplier 1"; Value = "Digi-Key"; VariantName = "[No Variations]"
Add component (AddParameter): Name = "Supplier Part Number-1"; Value = "PPC10.0KXCT-ND"; VariantName = "[No Variations]"
Add component (AddParameter): Name = "Supplier-1"; Value = "SIRICOM"; VariantName = "[No Variations]"
Added Component: Designator=R25(RES_753_TH_INDC)
Add component (AddParameter): Name = "Alternate Part Number-1"; Value = "NA"; VariantName = "[No Variations]"
Add component (AddParameter): Name = "Case/Package"; Value = "Axial"; VariantName = "[No Variations]"
Add component (AddParameter): Name = "ComponentLink1Description"; Value = "https://datasheet.ciiva.com/28561/1911160-28561605.pdf?src-supplier=Element14"; VariantName = "[No Variations]"
Add component (AddParameter): Name = "ComponentLink1URL"; Value = "https://datasheet.ciiva.com/28561/1911160-28561605.pdf?src-supplier=Element14"; VariantName = "[No Variations]"
Add component (AddParameter): Name = "ComponentLink2Description"; Value = "https://datasheet.ciiva.com/16720/70122463-16720294.pdf?src-supplier=Allied+Electronics"; VariantName = "[No Variations]"
Add component (AddParameter): Name = "ComponentLink2URL"; Value = "https://datasheet.ciiva.com/16720/70122463-16720294.pdf?src-supplier=Allied+Electronics"; VariantName = "[No Variations]"
Add component (AddParameter): Name = "ComponentLink3Description"; Value = "https://datasheet.ciiva.com/2710/sfr16s25-2710487.pdf?src-supplier=Digi-Key"; VariantName = "[No Variations]"
Add component (AddParameter): Name = "ComponentLink3URL"; Value = "https://datasheet.ciiva.com/2710/sfr16s25-2710487.pdf?src-supplier=Digi-Key"; VariantName = "[No Variations]"
Add component (AddParameter): Name = "ComponentLink4Description"; Value = "https://datasheet.ciiva.com/2710/sfr16s25-2710488.pdf?src-supplier=Digi-Key"; VariantName = "[No Variations]"
Add component (AddParameter): Name = "ComponentLink4URL"; Value = "https://datasheet.ciiva.com/2710/sfr16s25-2710488.pdf?src-supplier=Digi-Key"; VariantName = "[No Variations]"
Add component (AddParameter): Name = "ComponentLink5Description"; Value = "https://datasheet.ciiva.com/7182/1819489-7182845.pdf?src-supplier=Newark"; VariantName = "[No Variations]"
Add component (AddParameter): Name = "ComponentLink5URL"; Value = "https://datasheet.ciiva.com/7182/1819489-7182845.pdf?src-supplier=Newark"; VariantName = "[No Variations]"
Add component (AddParameter): Name = "ComponentLink6Description"; Value = "https://datasheet.ciiva.com/16291/sfr16s25-16291262.pdf?src-supplier=Future+Electronics"; VariantName = "[No Variations]"
Add component (AddParameter): Name = "ComponentLink6URL"; Value = "https://datasheet.ciiva.com/16291/sfr16s25-16291262.pdf?src-supplier=Future+Electronics"; VariantName = "[No Variations]"
Add component (AddParameter): Name = "ComponentLink7Description"; Value = "https://datasheet.ciiva.com/3260/sfr16s25-3260959.pdf?src-supplier=Avnet"; VariantName = "[No Variations]"
Add component (AddParameter): Name = "ComponentLink7URL"; Value = "https://datasheet.ciiva.com/3260/sfr16s25-3260959.pdf?src-supplier=Avnet"; VariantName = "[No Variations]"
Add component (AddParameter): Name = "Manufacturer"; Value = "Vishay BCcomponents"; VariantName = "[No Variations]"
Add component (AddParameter): Name = "Manufacturer Part Number"; Value = "SFR16S0001002FR500"; VariantName = "[No Variations]"
Add component (AddParameter): Name = "Supplier 1"; Value = "Digi-Key"; VariantName = "[No Variations]"
Add component (AddParameter): Name = "Supplier Part Number-1"; Value = "PPC10.0KXCT-ND"; VariantName = "[No Variations]"
Add component (AddParameter): Name = "Supplier-1"; Value = "SIRICOM"; VariantName = "[No Variations]"
Added Component: Designator=R26(RES_0603)
Add component (AddParameter): Name = "Alternate Part Number-1"; Value = "0603WAJ0103T5E"; VariantName = "[No Variations]"
Add component (AddParameter): Name = "Case/Package"; Value = "0603"; VariantName = "[No Variations]"
Add component (AddParameter): Name = "Manufacturer"; Value = "Walsin"; VariantName = "[No Variations]"
Add component (AddParameter): Name = "Manufacturer Part Number"; Value = "WR06X1002FTL"; VariantName = "[No Variations]"
Add component (AddParameter): Name = "Supplier Part Number-1"; Value = "WR06X1002FTL"; VariantName = "[No Variations]"
Add component (AddParameter): Name = "Supplier-1"; Value = "SIRICOM"; VariantName = "[No Variations]"
Added Component: Designator=R27(RES_0603)
Add component (AddParameter): Name = "Alternate Part Number-1"; Value = "0603WAJ0103T5E"; VariantName = "[No Variations]"
Add component (AddParameter): Name = "Case/Package"; Value = "0603"; VariantName = "[No Variations]"
Add component (AddParameter): Name = "Manufacturer"; Value = "Walsin"; VariantName = "[No Variations]"
Add component (AddParameter): Name = "Manufacturer Part Number"; Value = "WR06X1002FTL"; VariantName = "[No Variations]"
Add component (AddParameter): Name = "Supplier Part Number-1"; Value = "WR06X1002FTL"; VariantName = "[No Variations]"
Add component (AddParameter): Name = "Supplier-1"; Value = "SIRICOM"; VariantName = "[No Variations]"
Added Component: Designator=R28(RES_0603)
Add component (AddParameter): Name = "Alternate Part Number-1"; Value = "0603WAJ0103T5E"; VariantName = "[No Variations]"
Add component (AddParameter): Name = "Case/Package"; Value = "0603"; VariantName = "[No Variations]"
Add component (AddParameter): Name = "Manufacturer"; Value = "Walsin"; VariantName = "[No Variations]"
Add component (AddParameter): Name = "Manufacturer Part Number"; Value = "WR06X1002FTL"; VariantName = "[No Variations]"
Add component (AddParameter): Name = "Supplier Part Number-1"; Value = "WR06X1002FTL"; VariantName = "[No Variations]"
Add component (AddParameter): Name = "Supplier-1"; Value = "SIRICOM"; VariantName = "[No Variations]"
Added Component: Designator=R29(RES_0603)
Add component (AddParameter): Name = "Alternate Part Number-1"; Value = "NA"; VariantName = "[No Variations]"
Add component (AddParameter): Name = "Case/Package"; Value = "0603"; VariantName = "[No Variations]"
Add component (AddParameter): Name = "Manufacturer"; Value = "Vishay Dale"; VariantName = "[No Variations]"
Add component (AddParameter): Name = "Manufacturer Part Number"; Value = "CRCW060351R1FKEAC"; VariantName = "[No Variations]"
Add component (AddParameter): Name = "Supplier Part Number-1"; Value = "541-5468-1-ND - Cut Tape (CT)"; VariantName = "[No Variations]"
Add component (AddParameter): Name = "Supplier-1"; Value = "Digikey"; VariantName = "[No Variations]"
Added Component: Designator=R30(RES_0603)
Add component (AddParameter): Name = "Alternate Part Number-1"; Value = "NA"; VariantName = "[No Variations]"
Add component (AddParameter): Name = "Case/Package"; Value = "0603"; VariantName = "[No Variations]"
Add component (AddParameter): Name = "Manufacturer"; Value = "Vishay Dale"; VariantName = "[No Variations]"
Add component (AddParameter): Name = "Manufacturer Part Number"; Value = "CRCW060351R1FKEAC"; VariantName = "[No Variations]"
Add component (AddParameter): Name = "Supplier Part Number-1"; Value = "541-5468-1-ND - Cut Tape (CT)"; VariantName = "[No Variations]"
Add component (AddParameter): Name = "Supplier-1"; Value = "Digikey"; VariantName = "[No Variations]"
Added Component: Designator=R31(RES_0603)
Add component (AddParameter): Name = "Alternate Part Number-1"; Value = "NA"; VariantName = "[No Variations]"
Add component (AddParameter): Name = "Case/Package"; Value = "0603"; VariantName = "[No Variations]"
Add component (AddParameter): Name = "Manufacturer"; Value = "Stackpole Electronics"; VariantName = "[No Variations]"
Add component (AddParameter): Name = "Manufacturer Part Number"; Value = "RNCP0603FTD2K00"; VariantName = "[No Variations]"
Add component (AddParameter): Name = "Supplier Part Number-1"; Value = "WR06X2001FTL"; VariantName = "[No Variations]"
Add component (AddParameter): Name = "Supplier-1"; Value = "SIRICOM"; VariantName = "[No Variations]"
Added Component: Designator=R32(RES_0603)
Add component (AddParameter): Name = "Alternate Part Number-1"; Value = "NA"; VariantName = "[No Variations]"
Add component (AddParameter): Name = "Case/Package"; Value = "0603"; VariantName = "[No Variations]"
Add component (AddParameter): Name = "Manufacturer"; Value = "Stackpole Electronics"; VariantName = "[No Variations]"
Add component (AddParameter): Name = "Manufacturer Part Number"; Value = "RNCP0603FTD2K00"; VariantName = "[No Variations]"
Add component (AddParameter): Name = "Supplier Part Number-1"; Value = "WR06X2001FTL"; VariantName = "[No Variations]"
Add component (AddParameter): Name = "Supplier-1"; Value = "SIRICOM"; VariantName = "[No Variations]"
Added Component: Designator=R33(RES_0603)
Add component (AddParameter): Name = "Alternate Part Number-1"; Value = "0603WAJ0103T5E"; VariantName = "[No Variations]"
Add component (AddParameter): Name = "Case/Package"; Value = "0603"; VariantName = "[No Variations]"
Add component (AddParameter): Name = "Manufacturer"; Value = "Walsin"; VariantName = "[No Variations]"
Add component (AddParameter): Name = "Manufacturer Part Number"; Value = "WR06X1002FTL"; VariantName = "[No Variations]"
Add component (AddParameter): Name = "Supplier Part Number-1"; Value = "WR06X1002FTL"; VariantName = "[No Variations]"
Add component (AddParameter): Name = "Supplier-1"; Value = "SIRICOM"; VariantName = "[No Variations]"
Added Component: Designator=R34(RES_0603)
Add component (AddParameter): Name = "Alternate Part Number-1"; Value = "NA"; VariantName = "[No Variations]"
Add component (AddParameter): Name = "Case/Package"; Value = "0603"; VariantName = "[No Variations]"
Add component (AddParameter): Name = "Manufacturer"; Value = "Panasonic Electronic Components"; VariantName = "[No Variations]"
Add component (AddParameter): Name = "Manufacturer Part Number"; Value = "ERJ-3RQF2R2V"; VariantName = "[No Variations]"
Add component (AddParameter): Name = "Supplier Part Number-1"; Value = "NA"; VariantName = "[No Variations]"
Add component (AddParameter): Name = "Supplier-1"; Value = "SIRICOM"; VariantName = "[No Variations]"
Added Component: Designator=R35(RES_0805)
Add component (AddParameter): Name = "Alternate Part Number-1"; Value = "0805W8F3301T5E"; VariantName = "[No Variations]"
Add component (AddParameter): Name = "Case/Package"; Value = "0805"; VariantName = "[No Variations]"
Add component (AddParameter): Name = "Manufacturer"; Value = "Panasonic"; VariantName = "[No Variations]"
Add component (AddParameter): Name = "Manufacturer Part Number"; Value = "1623214-1"; VariantName = "[No Variations]"
Add component (AddParameter): Name = "Supplier Part Number-1"; Value = "WR08X3301FTL"; VariantName = "[No Variations]"
Add component (AddParameter): Name = "Supplier-1"; Value = "SIRICOM"; VariantName = "[No Variations]"
Added Component: Designator=R36(RES_753_TH_INDC)
Add component (AddParameter): Name = "Alternate Part Number-1"; Value = "NA"; VariantName = "[No Variations]"
Add component (AddParameter): Name = "Case/Package"; Value = "Axial"; VariantName = "[No Variations]"
Add component (AddParameter): Name = "ComponentLink1Description"; Value = "https://datasheet.ciiva.com/28561/1911160-28561605.pdf?src-supplier=Element14"; VariantName = "[No Variations]"
Add component (AddParameter): Name = "ComponentLink1URL"; Value = "https://datasheet.ciiva.com/28561/1911160-28561605.pdf?src-supplier=Element14"; VariantName = "[No Variations]"
Add component (AddParameter): Name = "ComponentLink2Description"; Value = "https://datasheet.ciiva.com/16720/70122463-16720294.pdf?src-supplier=Allied+Electronics"; VariantName = "[No Variations]"
Add component (AddParameter): Name = "ComponentLink2URL"; Value = "https://datasheet.ciiva.com/16720/70122463-16720294.pdf?src-supplier=Allied+Electronics"; VariantName = "[No Variations]"
Add component (AddParameter): Name = "ComponentLink3Description"; Value = "https://datasheet.ciiva.com/2710/sfr16s25-2710487.pdf?src-supplier=Digi-Key"; VariantName = "[No Variations]"
Add component (AddParameter): Name = "ComponentLink3URL"; Value = "https://datasheet.ciiva.com/2710/sfr16s25-2710487.pdf?src-supplier=Digi-Key"; VariantName = "[No Variations]"
Add component (AddParameter): Name = "ComponentLink4Description"; Value = "https://datasheet.ciiva.com/2710/sfr16s25-2710488.pdf?src-supplier=Digi-Key"; VariantName = "[No Variations]"
Add component (AddParameter): Name = "ComponentLink4URL"; Value = "https://datasheet.ciiva.com/2710/sfr16s25-2710488.pdf?src-supplier=Digi-Key"; VariantName = "[No Variations]"
Add component (AddParameter): Name = "ComponentLink5Description"; Value = "https://datasheet.ciiva.com/7182/1819489-7182845.pdf?src-supplier=Newark"; VariantName = "[No Variations]"
Add component (AddParameter): Name = "ComponentLink5URL"; Value = "https://datasheet.ciiva.com/7182/1819489-7182845.pdf?src-supplier=Newark"; VariantName = "[No Variations]"
Add component (AddParameter): Name = "ComponentLink6Description"; Value = "https://datasheet.ciiva.com/16291/sfr16s25-16291262.pdf?src-supplier=Future+Electronics"; VariantName = "[No Variations]"
Add component (AddParameter): Name = "ComponentLink6URL"; Value = "https://datasheet.ciiva.com/16291/sfr16s25-16291262.pdf?src-supplier=Future+Electronics"; VariantName = "[No Variations]"
Add component (AddParameter): Name = "ComponentLink7Description"; Value = "https://datasheet.ciiva.com/3260/sfr16s25-3260959.pdf?src-supplier=Avnet"; VariantName = "[No Variations]"
Add component (AddParameter): Name = "ComponentLink7URL"; Value = "https://datasheet.ciiva.com/3260/sfr16s25-3260959.pdf?src-supplier=Avnet"; VariantName = "[No Variations]"
Add component (AddParameter): Name = "Manufacturer"; Value = "Vishay BCcomponents"; VariantName = "[No Variations]"
Add component (AddParameter): Name = "Manufacturer Part Number"; Value = "SFR16S0001002FR500"; VariantName = "[No Variations]"
Add component (AddParameter): Name = "Supplier 1"; Value = "Digi-Key"; VariantName = "[No Variations]"
Add component (AddParameter): Name = "Supplier Part Number-1"; Value = "PPC10.0KXCT-ND"; VariantName = "[No Variations]"
Add component (AddParameter): Name = "Supplier-1"; Value = "SIRICOM"; VariantName = "[No Variations]"
Added Component: Designator=R37(RES_753_TH_INDC)
Add component (AddParameter): Name = "Alternate Part Number-1"; Value = "NA"; VariantName = "[No Variations]"
Add component (AddParameter): Name = "Case/Package"; Value = "Axial"; VariantName = "[No Variations]"
Add component (AddParameter): Name = "ComponentLink1Description"; Value = "https://datasheet.ciiva.com/28561/1911160-28561605.pdf?src-supplier=Element14"; VariantName = "[No Variations]"
Add component (AddParameter): Name = "ComponentLink1URL"; Value = "https://datasheet.ciiva.com/28561/1911160-28561605.pdf?src-supplier=Element14"; VariantName = "[No Variations]"
Add component (AddParameter): Name = "ComponentLink2Description"; Value = "https://datasheet.ciiva.com/16720/70122463-16720294.pdf?src-supplier=Allied+Electronics"; VariantName = "[No Variations]"
Add component (AddParameter): Name = "ComponentLink2URL"; Value = "https://datasheet.ciiva.com/16720/70122463-16720294.pdf?src-supplier=Allied+Electronics"; VariantName = "[No Variations]"
Add component (AddParameter): Name = "ComponentLink3Description"; Value = "https://datasheet.ciiva.com/2710/sfr16s25-2710487.pdf?src-supplier=Digi-Key"; VariantName = "[No Variations]"
Add component (AddParameter): Name = "ComponentLink3URL"; Value = "https://datasheet.ciiva.com/2710/sfr16s25-2710487.pdf?src-supplier=Digi-Key"; VariantName = "[No Variations]"
Add component (AddParameter): Name = "ComponentLink4Description"; Value = "https://datasheet.ciiva.com/2710/sfr16s25-2710488.pdf?src-supplier=Digi-Key"; VariantName = "[No Variations]"
Add component (AddParameter): Name = "ComponentLink4URL"; Value = "https://datasheet.ciiva.com/2710/sfr16s25-2710488.pdf?src-supplier=Digi-Key"; VariantName = "[No Variations]"
Add component (AddParameter): Name = "ComponentLink5Description"; Value = "https://datasheet.ciiva.com/7182/1819489-7182845.pdf?src-supplier=Newark"; VariantName = "[No Variations]"
Add component (AddParameter): Name = "ComponentLink5URL"; Value = "https://datasheet.ciiva.com/7182/1819489-7182845.pdf?src-supplier=Newark"; VariantName = "[No Variations]"
Add component (AddParameter): Name = "ComponentLink6Description"; Value = "https://datasheet.ciiva.com/16291/sfr16s25-16291262.pdf?src-supplier=Future+Electronics"; VariantName = "[No Variations]"
Add component (AddParameter): Name = "ComponentLink6URL"; Value = "https://datasheet.ciiva.com/16291/sfr16s25-16291262.pdf?src-supplier=Future+Electronics"; VariantName = "[No Variations]"
Add component (AddParameter): Name = "ComponentLink7Description"; Value = "https://datasheet.ciiva.com/3260/sfr16s25-3260959.pdf?src-supplier=Avnet"; VariantName = "[No Variations]"
Add component (AddParameter): Name = "ComponentLink7URL"; Value = "https://datasheet.ciiva.com/3260/sfr16s25-3260959.pdf?src-supplier=Avnet"; VariantName = "[No Variations]"
Add component (AddParameter): Name = "Manufacturer"; Value = "Vishay BCcomponents"; VariantName = "[No Variations]"
Add component (AddParameter): Name = "Manufacturer Part Number"; Value = "SFR16S0001002FR500"; VariantName = "[No Variations]"
Add component (AddParameter): Name = "Supplier 1"; Value = "Digi-Key"; VariantName = "[No Variations]"
Add component (AddParameter): Name = "Supplier Part Number-1"; Value = "PPC10.0KXCT-ND"; VariantName = "[No Variations]"
Add component (AddParameter): Name = "Supplier-1"; Value = "SIRICOM"; VariantName = "[No Variations]"
Added Component: Designator=R38(RES_753_TH_INDC)
Add component (AddParameter): Name = "Alternate Part Number-1"; Value = "NA"; VariantName = "[No Variations]"
Add component (AddParameter): Name = "Case/Package"; Value = "Axial"; VariantName = "[No Variations]"
Add component (AddParameter): Name = "ComponentLink1Description"; Value = "https://datasheet.ciiva.com/28561/1911160-28561605.pdf?src-supplier=Element14"; VariantName = "[No Variations]"
Add component (AddParameter): Name = "ComponentLink1URL"; Value = "https://datasheet.ciiva.com/28561/1911160-28561605.pdf?src-supplier=Element14"; VariantName = "[No Variations]"
Add component (AddParameter): Name = "ComponentLink2Description"; Value = "https://datasheet.ciiva.com/16720/70122463-16720294.pdf?src-supplier=Allied+Electronics"; VariantName = "[No Variations]"
Add component (AddParameter): Name = "ComponentLink2URL"; Value = "https://datasheet.ciiva.com/16720/70122463-16720294.pdf?src-supplier=Allied+Electronics"; VariantName = "[No Variations]"
Add component (AddParameter): Name = "ComponentLink3Description"; Value = "https://datasheet.ciiva.com/2710/sfr16s25-2710487.pdf?src-supplier=Digi-Key"; VariantName = "[No Variations]"
Add component (AddParameter): Name = "ComponentLink3URL"; Value = "https://datasheet.ciiva.com/2710/sfr16s25-2710487.pdf?src-supplier=Digi-Key"; VariantName = "[No Variations]"
Add component (AddParameter): Name = "ComponentLink4Description"; Value = "https://datasheet.ciiva.com/2710/sfr16s25-2710488.pdf?src-supplier=Digi-Key"; VariantName = "[No Variations]"
Add component (AddParameter): Name = "ComponentLink4URL"; Value = "https://datasheet.ciiva.com/2710/sfr16s25-2710488.pdf?src-supplier=Digi-Key"; VariantName = "[No Variations]"
Add component (AddParameter): Name = "ComponentLink5Description"; Value = "https://datasheet.ciiva.com/7182/1819489-7182845.pdf?src-supplier=Newark"; VariantName = "[No Variations]"
Add component (AddParameter): Name = "ComponentLink5URL"; Value = "https://datasheet.ciiva.com/7182/1819489-7182845.pdf?src-supplier=Newark"; VariantName = "[No Variations]"
Add component (AddParameter): Name = "ComponentLink6Description"; Value = "https://datasheet.ciiva.com/16291/sfr16s25-16291262.pdf?src-supplier=Future+Electronics"; VariantName = "[No Variations]"
Add component (AddParameter): Name = "ComponentLink6URL"; Value = "https://datasheet.ciiva.com/16291/sfr16s25-16291262.pdf?src-supplier=Future+Electronics"; VariantName = "[No Variations]"
Add component (AddParameter): Name = "ComponentLink7Description"; Value = "https://datasheet.ciiva.com/3260/sfr16s25-3260959.pdf?src-supplier=Avnet"; VariantName = "[No Variations]"
Add component (AddParameter): Name = "ComponentLink7URL"; Value = "https://datasheet.ciiva.com/3260/sfr16s25-3260959.pdf?src-supplier=Avnet"; VariantName = "[No Variations]"
Add component (AddParameter): Name = "Manufacturer"; Value = "Vishay BCcomponents"; VariantName = "[No Variations]"
Add component (AddParameter): Name = "Manufacturer Part Number"; Value = "SFR16S0001002FR500"; VariantName = "[No Variations]"
Add component (AddParameter): Name = "Supplier 1"; Value = "Digi-Key"; VariantName = "[No Variations]"
Add component (AddParameter): Name = "Supplier Part Number-1"; Value = "PPC10.0KXCT-ND"; VariantName = "[No Variations]"
Add component (AddParameter): Name = "Supplier-1"; Value = "SIRICOM"; VariantName = "[No Variations]"
Added Component: Designator=R39(RES_753_TH_INDC)
Add component (AddParameter): Name = "Alternate Part Number-1"; Value = "NA"; VariantName = "[No Variations]"
Add component (AddParameter): Name = "Case/Package"; Value = "Axial"; VariantName = "[No Variations]"
Add component (AddParameter): Name = "ComponentLink1Description"; Value = "https://datasheet.ciiva.com/28561/1911160-28561605.pdf?src-supplier=Element14"; VariantName = "[No Variations]"
Add component (AddParameter): Name = "ComponentLink1URL"; Value = "https://datasheet.ciiva.com/28561/1911160-28561605.pdf?src-supplier=Element14"; VariantName = "[No Variations]"
Add component (AddParameter): Name = "ComponentLink2Description"; Value = "https://datasheet.ciiva.com/16720/70122463-16720294.pdf?src-supplier=Allied+Electronics"; VariantName = "[No Variations]"
Add component (AddParameter): Name = "ComponentLink2URL"; Value = "https://datasheet.ciiva.com/16720/70122463-16720294.pdf?src-supplier=Allied+Electronics"; VariantName = "[No Variations]"
Add component (AddParameter): Name = "ComponentLink3Description"; Value = "https://datasheet.ciiva.com/2710/sfr16s25-2710487.pdf?src-supplier=Digi-Key"; VariantName = "[No Variations]"
Add component (AddParameter): Name = "ComponentLink3URL"; Value = "https://datasheet.ciiva.com/2710/sfr16s25-2710487.pdf?src-supplier=Digi-Key"; VariantName = "[No Variations]"
Add component (AddParameter): Name = "ComponentLink4Description"; Value = "https://datasheet.ciiva.com/2710/sfr16s25-2710488.pdf?src-supplier=Digi-Key"; VariantName = "[No Variations]"
Add component (AddParameter): Name = "ComponentLink4URL"; Value = "https://datasheet.ciiva.com/2710/sfr16s25-2710488.pdf?src-supplier=Digi-Key"; VariantName = "[No Variations]"
Add component (AddParameter): Name = "ComponentLink5Description"; Value = "https://datasheet.ciiva.com/7182/1819489-7182845.pdf?src-supplier=Newark"; VariantName = "[No Variations]"
Add component (AddParameter): Name = "ComponentLink5URL"; Value = "https://datasheet.ciiva.com/7182/1819489-7182845.pdf?src-supplier=Newark"; VariantName = "[No Variations]"
Add component (AddParameter): Name = "ComponentLink6Description"; Value = "https://datasheet.ciiva.com/16291/sfr16s25-16291262.pdf?src-supplier=Future+Electronics"; VariantName = "[No Variations]"
Add component (AddParameter): Name = "ComponentLink6URL"; Value = "https://datasheet.ciiva.com/16291/sfr16s25-16291262.pdf?src-supplier=Future+Electronics"; VariantName = "[No Variations]"
Add component (AddParameter): Name = "ComponentLink7Description"; Value = "https://datasheet.ciiva.com/3260/sfr16s25-3260959.pdf?src-supplier=Avnet"; VariantName = "[No Variations]"
Add component (AddParameter): Name = "ComponentLink7URL"; Value = "https://datasheet.ciiva.com/3260/sfr16s25-3260959.pdf?src-supplier=Avnet"; VariantName = "[No Variations]"
Add component (AddParameter): Name = "Manufacturer"; Value = "Vishay BCcomponents"; VariantName = "[No Variations]"
Add component (AddParameter): Name = "Manufacturer Part Number"; Value = "SFR16S0001002FR500"; VariantName = "[No Variations]"
Add component (AddParameter): Name = "Supplier 1"; Value = "Digi-Key"; VariantName = "[No Variations]"
Add component (AddParameter): Name = "Supplier Part Number-1"; Value = "PPC10.0KXCT-ND"; VariantName = "[No Variations]"
Add component (AddParameter): Name = "Supplier-1"; Value = "SIRICOM"; VariantName = "[No Variations]"
Added Component: Designator=R40(RES_2512)
Add component (AddParameter): Name = "Alternate Part Number-1"; Value = "PMR100HZPFU5L00"; VariantName = "[No Variations]"
Add component (AddParameter): Name = "Case/Package"; Value = "2512"; VariantName = "[No Variations]"
Add component (AddParameter): Name = "Manufacturer"; Value = "Yageo"; VariantName = "[No Variations]"
Add component (AddParameter): Name = "Manufacturer Part Number"; Value = "PA2512FKF7W0R05E"; VariantName = "[No Variations]"
Add component (AddParameter): Name = "Supplier Part Number-1"; Value = "LR2512-22R060F1"; VariantName = "[No Variations]"
Add component (AddParameter): Name = "Supplier-1"; Value = "SIRICOM"; VariantName = "[No Variations]"
Added Component: Designator=R41(RES_0805)
Add component (AddParameter): Name = "Alternate Part Number-1"; Value = "NA"; VariantName = "[No Variations]"
Add component (AddParameter): Name = "Case/Package"; Value = "0805"; VariantName = "[No Variations]"
Add component (AddParameter): Name = "Manufacturer"; Value = "Vishay BCcomponents"; VariantName = "[No Variations]"
Add component (AddParameter): Name = "Manufacturer Part Number"; Value = "CRG0805F33K"; VariantName = "[No Variations]"
Add component (AddParameter): Name = "Supplier Part Number-1"; Value = "WR08X3302FTL"; VariantName = "[No Variations]"
Add component (AddParameter): Name = "Supplier-1"; Value = "SIRICOM"; VariantName = "[No Variations]"
Added Component: Designator=R42(RES_753_TH_INDC)
Add component (AddParameter): Name = "Alternate Part Number-1"; Value = "NA"; VariantName = "[No Variations]"
Add component (AddParameter): Name = "Case/Package"; Value = "Axial"; VariantName = "[No Variations]"
Add component (AddParameter): Name = "ComponentLink1Description"; Value = "https://datasheet.ciiva.com/28561/1911160-28561605.pdf?src-supplier=Element14"; VariantName = "[No Variations]"
Add component (AddParameter): Name = "ComponentLink1URL"; Value = "https://datasheet.ciiva.com/28561/1911160-28561605.pdf?src-supplier=Element14"; VariantName = "[No Variations]"
Add component (AddParameter): Name = "ComponentLink2Description"; Value = "https://datasheet.ciiva.com/16720/70122463-16720294.pdf?src-supplier=Allied+Electronics"; VariantName = "[No Variations]"
Add component (AddParameter): Name = "ComponentLink2URL"; Value = "https://datasheet.ciiva.com/16720/70122463-16720294.pdf?src-supplier=Allied+Electronics"; VariantName = "[No Variations]"
Add component (AddParameter): Name = "ComponentLink3Description"; Value = "https://datasheet.ciiva.com/2710/sfr16s25-2710487.pdf?src-supplier=Digi-Key"; VariantName = "[No Variations]"
Add component (AddParameter): Name = "ComponentLink3URL"; Value = "https://datasheet.ciiva.com/2710/sfr16s25-2710487.pdf?src-supplier=Digi-Key"; VariantName = "[No Variations]"
Add component (AddParameter): Name = "ComponentLink4Description"; Value = "https://datasheet.ciiva.com/2710/sfr16s25-2710488.pdf?src-supplier=Digi-Key"; VariantName = "[No Variations]"
Add component (AddParameter): Name = "ComponentLink4URL"; Value = "https://datasheet.ciiva.com/2710/sfr16s25-2710488.pdf?src-supplier=Digi-Key"; VariantName = "[No Variations]"
Add component (AddParameter): Name = "ComponentLink5Description"; Value = "https://datasheet.ciiva.com/7182/1819489-7182845.pdf?src-supplier=Newark"; VariantName = "[No Variations]"
Add component (AddParameter): Name = "ComponentLink5URL"; Value = "https://datasheet.ciiva.com/7182/1819489-7182845.pdf?src-supplier=Newark"; VariantName = "[No Variations]"
Add component (AddParameter): Name = "ComponentLink6Description"; Value = "https://datasheet.ciiva.com/16291/sfr16s25-16291262.pdf?src-supplier=Future+Electronics"; VariantName = "[No Variations]"
Add component (AddParameter): Name = "ComponentLink6URL"; Value = "https://datasheet.ciiva.com/16291/sfr16s25-16291262.pdf?src-supplier=Future+Electronics"; VariantName = "[No Variations]"
Add component (AddParameter): Name = "ComponentLink7Description"; Value = "https://datasheet.ciiva.com/3260/sfr16s25-3260959.pdf?src-supplier=Avnet"; VariantName = "[No Variations]"
Add component (AddParameter): Name = "ComponentLink7URL"; Value = "https://datasheet.ciiva.com/3260/sfr16s25-3260959.pdf?src-supplier=Avnet"; VariantName = "[No Variations]"
Add component (AddParameter): Name = "Manufacturer"; Value = "Vishay BCcomponents"; VariantName = "[No Variations]"
Add component (AddParameter): Name = "Manufacturer Part Number"; Value = "SFR16S0001002FR500"; VariantName = "[No Variations]"
Add component (AddParameter): Name = "Supplier 1"; Value = "Digi-Key"; VariantName = "[No Variations]"
Add component (AddParameter): Name = "Supplier Part Number-1"; Value = "PPC10.0KXCT-ND"; VariantName = "[No Variations]"
Add component (AddParameter): Name = "Supplier-1"; Value = "SIRICOM"; VariantName = "[No Variations]"
Added Component: Designator=R43(RES_753_TH_INDC)
Add component (AddParameter): Name = "Alternate Part Number-1"; Value = "NA"; VariantName = "[No Variations]"
Add component (AddParameter): Name = "Case/Package"; Value = "Axial"; VariantName = "[No Variations]"
Add component (AddParameter): Name = "ComponentLink1Description"; Value = "https://datasheet.ciiva.com/28561/1911160-28561605.pdf?src-supplier=Element14"; VariantName = "[No Variations]"
Add component (AddParameter): Name = "ComponentLink1URL"; Value = "https://datasheet.ciiva.com/28561/1911160-28561605.pdf?src-supplier=Element14"; VariantName = "[No Variations]"
Add component (AddParameter): Name = "ComponentLink2Description"; Value = "https://datasheet.ciiva.com/16720/70122463-16720294.pdf?src-supplier=Allied+Electronics"; VariantName = "[No Variations]"
Add component (AddParameter): Name = "ComponentLink2URL"; Value = "https://datasheet.ciiva.com/16720/70122463-16720294.pdf?src-supplier=Allied+Electronics"; VariantName = "[No Variations]"
Add component (AddParameter): Name = "ComponentLink3Description"; Value = "https://datasheet.ciiva.com/2710/sfr16s25-2710487.pdf?src-supplier=Digi-Key"; VariantName = "[No Variations]"
Add component (AddParameter): Name = "ComponentLink3URL"; Value = "https://datasheet.ciiva.com/2710/sfr16s25-2710487.pdf?src-supplier=Digi-Key"; VariantName = "[No Variations]"
Add component (AddParameter): Name = "ComponentLink4Description"; Value = "https://datasheet.ciiva.com/2710/sfr16s25-2710488.pdf?src-supplier=Digi-Key"; VariantName = "[No Variations]"
Add component (AddParameter): Name = "ComponentLink4URL"; Value = "https://datasheet.ciiva.com/2710/sfr16s25-2710488.pdf?src-supplier=Digi-Key"; VariantName = "[No Variations]"
Add component (AddParameter): Name = "ComponentLink5Description"; Value = "https://datasheet.ciiva.com/7182/1819489-7182845.pdf?src-supplier=Newark"; VariantName = "[No Variations]"
Add component (AddParameter): Name = "ComponentLink5URL"; Value = "https://datasheet.ciiva.com/7182/1819489-7182845.pdf?src-supplier=Newark"; VariantName = "[No Variations]"
Add component (AddParameter): Name = "ComponentLink6Description"; Value = "https://datasheet.ciiva.com/16291/sfr16s25-16291262.pdf?src-supplier=Future+Electronics"; VariantName = "[No Variations]"
Add component (AddParameter): Name = "ComponentLink6URL"; Value = "https://datasheet.ciiva.com/16291/sfr16s25-16291262.pdf?src-supplier=Future+Electronics"; VariantName = "[No Variations]"
Add component (AddParameter): Name = "ComponentLink7Description"; Value = "https://datasheet.ciiva.com/3260/sfr16s25-3260959.pdf?src-supplier=Avnet"; VariantName = "[No Variations]"
Add component (AddParameter): Name = "ComponentLink7URL"; Value = "https://datasheet.ciiva.com/3260/sfr16s25-3260959.pdf?src-supplier=Avnet"; VariantName = "[No Variations]"
Add component (AddParameter): Name = "Manufacturer"; Value = "Vishay BCcomponents"; VariantName = "[No Variations]"
Add component (AddParameter): Name = "Manufacturer Part Number"; Value = "SFR16S0001002FR500"; VariantName = "[No Variations]"
Add component (AddParameter): Name = "Supplier 1"; Value = "Digi-Key"; VariantName = "[No Variations]"
Add component (AddParameter): Name = "Supplier Part Number-1"; Value = "PPC10.0KXCT-ND"; VariantName = "[No Variations]"
Add component (AddParameter): Name = "Supplier-1"; Value = "SIRICOM"; VariantName = "[No Variations]"
Added Component: Designator=R44(RES_753_TH_INDC)
Add component (AddParameter): Name = "Alternate Part Number-1"; Value = "NA"; VariantName = "[No Variations]"
Add component (AddParameter): Name = "Case/Package"; Value = "Axial"; VariantName = "[No Variations]"
Add component (AddParameter): Name = "ComponentLink1Description"; Value = "https://datasheet.ciiva.com/28561/1911160-28561605.pdf?src-supplier=Element14"; VariantName = "[No Variations]"
Add component (AddParameter): Name = "ComponentLink1URL"; Value = "https://datasheet.ciiva.com/28561/1911160-28561605.pdf?src-supplier=Element14"; VariantName = "[No Variations]"
Add component (AddParameter): Name = "ComponentLink2Description"; Value = "https://datasheet.ciiva.com/16720/70122463-16720294.pdf?src-supplier=Allied+Electronics"; VariantName = "[No Variations]"
Add component (AddParameter): Name = "ComponentLink2URL"; Value = "https://datasheet.ciiva.com/16720/70122463-16720294.pdf?src-supplier=Allied+Electronics"; VariantName = "[No Variations]"
Add component (AddParameter): Name = "ComponentLink3Description"; Value = "https://datasheet.ciiva.com/2710/sfr16s25-2710487.pdf?src-supplier=Digi-Key"; VariantName = "[No Variations]"
Add component (AddParameter): Name = "ComponentLink3URL"; Value = "https://datasheet.ciiva.com/2710/sfr16s25-2710487.pdf?src-supplier=Digi-Key"; VariantName = "[No Variations]"
Add component (AddParameter): Name = "ComponentLink4Description"; Value = "https://datasheet.ciiva.com/2710/sfr16s25-2710488.pdf?src-supplier=Digi-Key"; VariantName = "[No Variations]"
Add component (AddParameter): Name = "ComponentLink4URL"; Value = "https://datasheet.ciiva.com/2710/sfr16s25-2710488.pdf?src-supplier=Digi-Key"; VariantName = "[No Variations]"
Add component (AddParameter): Name = "ComponentLink5Description"; Value = "https://datasheet.ciiva.com/7182/1819489-7182845.pdf?src-supplier=Newark"; VariantName = "[No Variations]"
Add component (AddParameter): Name = "ComponentLink5URL"; Value = "https://datasheet.ciiva.com/7182/1819489-7182845.pdf?src-supplier=Newark"; VariantName = "[No Variations]"
Add component (AddParameter): Name = "ComponentLink6Description"; Value = "https://datasheet.ciiva.com/16291/sfr16s25-16291262.pdf?src-supplier=Future+Electronics"; VariantName = "[No Variations]"
Add component (AddParameter): Name = "ComponentLink6URL"; Value = "https://datasheet.ciiva.com/16291/sfr16s25-16291262.pdf?src-supplier=Future+Electronics"; VariantName = "[No Variations]"
Add component (AddParameter): Name = "ComponentLink7Description"; Value = "https://datasheet.ciiva.com/3260/sfr16s25-3260959.pdf?src-supplier=Avnet"; VariantName = "[No Variations]"
Add component (AddParameter): Name = "ComponentLink7URL"; Value = "https://datasheet.ciiva.com/3260/sfr16s25-3260959.pdf?src-supplier=Avnet"; VariantName = "[No Variations]"
Add component (AddParameter): Name = "Manufacturer"; Value = "Vishay BCcomponents"; VariantName = "[No Variations]"
Add component (AddParameter): Name = "Manufacturer Part Number"; Value = "SFR16S0001002FR500"; VariantName = "[No Variations]"
Add component (AddParameter): Name = "Supplier 1"; Value = "Digi-Key"; VariantName = "[No Variations]"
Add component (AddParameter): Name = "Supplier Part Number-1"; Value = "PPC10.0KXCT-ND"; VariantName = "[No Variations]"
Add component (AddParameter): Name = "Supplier-1"; Value = "SIRICOM"; VariantName = "[No Variations]"
Added Component: Designator=R45(RES_753_TH_INDC)
Add component (AddParameter): Name = "Alternate Part Number-1"; Value = "NA"; VariantName = "[No Variations]"
Add component (AddParameter): Name = "Case/Package"; Value = "Axial"; VariantName = "[No Variations]"
Add component (AddParameter): Name = "ComponentLink1Description"; Value = "https://datasheet.ciiva.com/28561/1911160-28561605.pdf?src-supplier=Element14"; VariantName = "[No Variations]"
Add component (AddParameter): Name = "ComponentLink1URL"; Value = "https://datasheet.ciiva.com/28561/1911160-28561605.pdf?src-supplier=Element14"; VariantName = "[No Variations]"
Add component (AddParameter): Name = "ComponentLink2Description"; Value = "https://datasheet.ciiva.com/16720/70122463-16720294.pdf?src-supplier=Allied+Electronics"; VariantName = "[No Variations]"
Add component (AddParameter): Name = "ComponentLink2URL"; Value = "https://datasheet.ciiva.com/16720/70122463-16720294.pdf?src-supplier=Allied+Electronics"; VariantName = "[No Variations]"
Add component (AddParameter): Name = "ComponentLink3Description"; Value = "https://datasheet.ciiva.com/2710/sfr16s25-2710487.pdf?src-supplier=Digi-Key"; VariantName = "[No Variations]"
Add component (AddParameter): Name = "ComponentLink3URL"; Value = "https://datasheet.ciiva.com/2710/sfr16s25-2710487.pdf?src-supplier=Digi-Key"; VariantName = "[No Variations]"
Add component (AddParameter): Name = "ComponentLink4Description"; Value = "https://datasheet.ciiva.com/2710/sfr16s25-2710488.pdf?src-supplier=Digi-Key"; VariantName = "[No Variations]"
Add component (AddParameter): Name = "ComponentLink4URL"; Value = "https://datasheet.ciiva.com/2710/sfr16s25-2710488.pdf?src-supplier=Digi-Key"; VariantName = "[No Variations]"
Add component (AddParameter): Name = "ComponentLink5Description"; Value = "https://datasheet.ciiva.com/7182/1819489-7182845.pdf?src-supplier=Newark"; VariantName = "[No Variations]"
Add component (AddParameter): Name = "ComponentLink5URL"; Value = "https://datasheet.ciiva.com/7182/1819489-7182845.pdf?src-supplier=Newark"; VariantName = "[No Variations]"
Add component (AddParameter): Name = "ComponentLink6Description"; Value = "https://datasheet.ciiva.com/16291/sfr16s25-16291262.pdf?src-supplier=Future+Electronics"; VariantName = "[No Variations]"
Add component (AddParameter): Name = "ComponentLink6URL"; Value = "https://datasheet.ciiva.com/16291/sfr16s25-16291262.pdf?src-supplier=Future+Electronics"; VariantName = "[No Variations]"
Add component (AddParameter): Name = "ComponentLink7Description"; Value = "https://datasheet.ciiva.com/3260/sfr16s25-3260959.pdf?src-supplier=Avnet"; VariantName = "[No Variations]"
Add component (AddParameter): Name = "ComponentLink7URL"; Value = "https://datasheet.ciiva.com/3260/sfr16s25-3260959.pdf?src-supplier=Avnet"; VariantName = "[No Variations]"
Add component (AddParameter): Name = "Manufacturer"; Value = "Vishay BCcomponents"; VariantName = "[No Variations]"
Add component (AddParameter): Name = "Manufacturer Part Number"; Value = "SFR16S0001002FR500"; VariantName = "[No Variations]"
Add component (AddParameter): Name = "Supplier 1"; Value = "Digi-Key"; VariantName = "[No Variations]"
Add component (AddParameter): Name = "Supplier Part Number-1"; Value = "PPC10.0KXCT-ND"; VariantName = "[No Variations]"
Add component (AddParameter): Name = "Supplier-1"; Value = "SIRICOM"; VariantName = "[No Variations]"
Added Component: Designator=SW1(SW_342_SMD)
Add component (AddParameter): Name = "Alternate Part Number-1"; Value = "NA"; VariantName = "[No Variations]"
Add component (AddParameter): Name = "Case/Package"; Value = "SMD"; VariantName = "[No Variations]"
Add component (AddParameter): Name = "Manufacturer"; Value = "ITT C&K"; VariantName = "[No Variations]"
Add component (AddParameter): Name = "Manufacturer Part Number"; Value = "RS-282G05A3-SMRT"; VariantName = "[No Variations]"
Add component (AddParameter): Name = "Supplier Part Number-1"; Value = "RS-282G05A3-SMRT"; VariantName = "[No Variations]"
Add component (AddParameter): Name = "Supplier-1"; Value = "SP ROAD"; VariantName = "[No Variations]"
Added Component: Designator=SW2(SW_342_SMD)
Add component (AddParameter): Name = "Alternate Part Number-1"; Value = "NA"; VariantName = "[No Variations]"
Add component (AddParameter): Name = "Case/Package"; Value = "SMD"; VariantName = "[No Variations]"
Add component (AddParameter): Name = "Manufacturer"; Value = "ITT C&K"; VariantName = "[No Variations]"
Add component (AddParameter): Name = "Manufacturer Part Number"; Value = "RS-282G05A3-SMRT"; VariantName = "[No Variations]"
Add component (AddParameter): Name = "Supplier Part Number-1"; Value = "RS-282G05A3-SMRT"; VariantName = "[No Variations]"
Add component (AddParameter): Name = "Supplier-1"; Value = "SP ROAD"; VariantName = "[No Variations]"
Added Component: Designator=SW3(SW_342_SMD)
Add component (AddParameter): Name = "Alternate Part Number-1"; Value = "NA"; VariantName = "[No Variations]"
Add component (AddParameter): Name = "Case/Package"; Value = "SMD"; VariantName = "[No Variations]"
Add component (AddParameter): Name = "Manufacturer"; Value = "ITT C&K"; VariantName = "[No Variations]"
Add component (AddParameter): Name = "Manufacturer Part Number"; Value = "RS-282G05A3-SMRT"; VariantName = "[No Variations]"
Add component (AddParameter): Name = "Supplier Part Number-1"; Value = "RS-282G05A3-SMRT"; VariantName = "[No Variations]"
Add component (AddParameter): Name = "Supplier-1"; Value = "SP ROAD"; VariantName = "[No Variations]"
Added Component: Designator=SW4(SW_342_SMD)
Add component (AddParameter): Name = "Alternate Part Number-1"; Value = "NA"; VariantName = "[No Variations]"
Add component (AddParameter): Name = "Case/Package"; Value = "SMD"; VariantName = "[No Variations]"
Add component (AddParameter): Name = "Manufacturer"; Value = "ITT C&K"; VariantName = "[No Variations]"
Add component (AddParameter): Name = "Manufacturer Part Number"; Value = "RS-282G05A3-SMRT"; VariantName = "[No Variations]"
Add component (AddParameter): Name = "Supplier Part Number-1"; Value = "RS-282G05A3-SMRT"; VariantName = "[No Variations]"
Add component (AddParameter): Name = "Supplier-1"; Value = "SP ROAD"; VariantName = "[No Variations]"
Added Component: Designator=U1(VQFN32_19_218_23X9_SMD)
Add component (AddParameter): Name = "Alternate Part Number-1"; Value = "NA"; VariantName = "[No Variations]"
Add component (AddParameter): Name = "Case/Package"; Value = "32-VQFN"; VariantName = "[No Variations]"
Add component (AddParameter): Name = "Manufacturer"; Value = "Texas Instruments"; VariantName = "[No Variations]"
Add component (AddParameter): Name = "Manufacturer Part Number"; Value = "DP83826IRHBR"; VariantName = "[No Variations]"
Add component (AddParameter): Name = "Supplier Part Number-1"; Value = "595-DP83826IRHBR"; VariantName = "[No Variations]"
Add component (AddParameter): Name = "Supplier-1"; Value = "Mouser"; VariantName = "[No Variations]"
Added Component: Designator=U2(LQFP-48_19.6_393_58X11_SMD)
Add component (AddParameter): Name = "Alternate Part Number-1"; Value = "NA"; VariantName = "[No Variations]"
Add component (AddParameter): Name = "Case/Package"; Value = "LQFP48"; VariantName = "[No Variations]"
Add component (AddParameter): Name = "Manufacturer"; Value = "STMicroelectronics"; VariantName = "[No Variations]"
Add component (AddParameter): Name = "Manufacturer Part Number"; Value = "STM32F103C8T6"; VariantName = "[No Variations]"
Add component (AddParameter): Name = "Supplier Part Number-1"; Value = "STM32F103C8T6"; VariantName = "[No Variations]"
Add component (AddParameter): Name = "Supplier-1"; Value = "LCSC"; VariantName = "[No Variations]"
Added Component: Designator=U3(QFN100_19.6_669_58X10_SMD)
Add component (AddParameter): Name = "Alternate Part Number-1"; Value = "STM32F407VET6"; VariantName = "[No Variations]"
Add component (AddParameter): Name = "Case/Package"; Value = "LQFP100"; VariantName = "[No Variations]"
Add component (AddParameter): Name = "Manufacturer"; Value = "STMicroelectronics"; VariantName = "[No Variations]"
Add component (AddParameter): Name = "Manufacturer Part Number"; Value = "STM32F407VGT6"; VariantName = "[No Variations]"
Add component (AddParameter): Name = "Supplier Part Number-1"; Value = "STM32F407VGT6"; VariantName = "[No Variations]"
Add component (AddParameter): Name = "Supplier-1"; Value = "ARROW"; VariantName = "[No Variations]"
Added Component: Designator=U4(VFQFN24_19.6_196_12X32_SMD_1)
Add component (AddParameter): Name = "Alternate Part Number-1"; Value = "NA"; VariantName = "[No Variations]"
Add component (AddParameter): Name = "Case/Package"; Value = "VFQFN24"; VariantName = "[No Variations]"
Add component (AddParameter): Name = "Manufacturer"; Value = "Texas Instruments"; VariantName = "[No Variations]"
Add component (AddParameter): Name = "Manufacturer Part Number"; Value = "DRV8701ERGET"; VariantName = "[No Variations]"
Add component (AddParameter): Name = "Supplier Part Number-1"; Value = "DRV8701ERGET"; VariantName = "[No Variations]"
Add component (AddParameter): Name = "Supplier-1"; Value = "ARROW"; VariantName = "[No Variations]"
Added Component: Designator=U5(SOIC16_50_284_25X90_SMT)
Add component (AddParameter): Name = "Alternate Part Number-1"; Value = "NA"; VariantName = "[No Variations]"
Add component (AddParameter): Name = "Case/Package"; Value = "SOIC16"; VariantName = "[No Variations]"
Add component (AddParameter): Name = "Manufacturer"; Value = "Olimex"; VariantName = "[No Variations]"
Add component (AddParameter): Name = "Manufacturer Part Number"; Value = "CH340C"; VariantName = "[No Variations]"
Add component (AddParameter): Name = "Supplier Part Number-1"; Value = "C84681"; VariantName = "[No Variations]"
Add component (AddParameter): Name = "Supplier-1"; Value = "LCSC"; VariantName = "[No Variations]"
Added Component: Designator=U6(TSSOP16_25-59_294_54X14_SMT)
Add component (AddParameter): Name = "Alternate Part Number-1"; Value = "NA"; VariantName = "[No Variations]"
Add component (AddParameter): Name = "Case/Package"; Value = "TSSOP16"; VariantName = "[No Variations]"
Add component (AddParameter): Name = "Manufacturer"; Value = "Texas Instruments"; VariantName = "[No Variations]"
Add component (AddParameter): Name = "Manufacturer Part Number"; Value = "ADS122C04IPW"; VariantName = "[No Variations]"
Add component (AddParameter): Name = "Supplier Part Number-1"; Value = "ADS122C04IPW"; VariantName = "[No Variations]"
Add component (AddParameter): Name = "Supplier-1"; Value = "MOUSER"; VariantName = "[No Variations]"
Added Component: Designator=U7(QFN40_19_284_33X9_SMD)
Add component (AddParameter): Name = "Alternate Part Number-1"; Value = "NA"; VariantName = "[No Variations]"
Add component (AddParameter): Name = "Case/Package"; Value = "QFN-40"; VariantName = "[No Variations]"
Add component (AddParameter): Name = "Manufacturer"; Value = "Cirrus Logic"; VariantName = "[No Variations]"
Add component (AddParameter): Name = "Manufacturer Part Number"; Value = "CS43L22-CNZ"; VariantName = "[No Variations]"
Add component (AddParameter): Name = "Supplier Part Number-1"; Value = "777-CS43L22-CNZ"; VariantName = "[No Variations]"
Add component (AddParameter): Name = "Supplier-1"; Value = "Mouser"; VariantName = "[No Variations]"
Added Component: Designator=U8(HCLGA-4_53_137_15X37_SMD)
Add component (AddParameter): Name = "Alternate Part Number-1"; Value = "NA"; VariantName = "[No Variations]"
Add component (AddParameter): Name = "Case/Package"; Value = "HCLGA-4"; VariantName = "[No Variations]"
Add component (AddParameter): Name = "Manufacturer"; Value = "STMicroelectronics"; VariantName = "[No Variations]"
Add component (AddParameter): Name = "Manufacturer Part Number"; Value = "IMP34DT05TR"; VariantName = "[No Variations]"
Add component (AddParameter): Name = "Supplier Part Number-1"; Value = "511-IMP34DT05TR"; VariantName = "[No Variations]"
Add component (AddParameter): Name = "Supplier-1"; Value = "Mouser"; VariantName = "[No Variations]"
Added Component: Designator=U9(VFQFN24_19.6_196_12X32_SMD_1)
Add component (AddParameter): Name = "Alternate Part Number-1"; Value = "NA"; VariantName = "[No Variations]"
Add component (AddParameter): Name = "Case/Package"; Value = "VFQFN24"; VariantName = "[No Variations]"
Add component (AddParameter): Name = "Manufacturer"; Value = "Texas Instruments"; VariantName = "[No Variations]"
Add component (AddParameter): Name = "Manufacturer Part Number"; Value = "DRV8701ERGET"; VariantName = "[No Variations]"
Add component (AddParameter): Name = "Supplier Part Number-1"; Value = "DRV8701ERGET"; VariantName = "[No Variations]"
Add component (AddParameter): Name = "Supplier-1"; Value = "ARROW"; VariantName = "[No Variations]"
Added Component: Designator=U10(SOT223_3)
Add component (AddParameter): Name = "Alternate Part Number-1"; Value = "NA"; VariantName = "[No Variations]"
Add component (AddParameter): Name = "Case/Package"; Value = "SOT-223-3"; VariantName = "[No Variations]"
Add component (AddParameter): Name = "Manufacturer"; Value = "STMicroelectronics"; VariantName = "[No Variations]"
Add component (AddParameter): Name = "Manufacturer Part Number"; Value = "LD1117S18TR"; VariantName = "[No Variations]"
Add component (AddParameter): Name = "Supplier Part Number-1"; Value = "511-LD1117S18-TR"; VariantName = "[No Variations]"
Add component (AddParameter): Name = "Supplier-1"; Value = "Mouser"; VariantName = "[No Variations]"
Added Component: Designator=U11(SOT223_3)
Add component (AddParameter): Name = "Alternate Part Number-1"; Value = "NA"; VariantName = "[No Variations]"
Add component (AddParameter): Name = "Case/Package"; Value = "SOT223"; VariantName = "[No Variations]"
Add component (AddParameter): Name = "Manufacturer"; Value = "STMicroelectronics"; VariantName = "[No Variations]"
Add component (AddParameter): Name = "Manufacturer Part Number"; Value = "LD1117S33CTR"; VariantName = "[No Variations]"
Add component (AddParameter): Name = "Supplier Part Number-1"; Value = "LD1117S33CTR"; VariantName = "[No Variations]"
Add component (AddParameter): Name = "Supplier-1"; Value = "SP ROAD"; VariantName = "[No Variations]"
Added Component: Designator=X1(XTAL_314_240X47_SMD)
Add component (AddParameter): Name = "Alternate Part Number-1"; Value = "NA"; VariantName = "[No Variations]"
Add component (AddParameter): Name = "Case/Package"; Value = "SMD/SMT"; VariantName = "[No Variations]"
Add component (AddParameter): Name = "Manufacturer"; Value = "Fox Electronics"; VariantName = "[No Variations]"
Add component (AddParameter): Name = "Manufacturer Part Number"; Value = "ECS-80-32-5PX-TR"; VariantName = "[No Variations]"
Add component (AddParameter): Name = "Supplier Part Number-1"; Value = "ECS-80-32-5PX-TR"; VariantName = "[No Variations]"
Add component (AddParameter): Name = "Supplier-1"; Value = "SP ROAD"; VariantName = "[No Variations]"
Added Component: Designator=X2(XTAL_314_240X47_SMD)
Add component (AddParameter): Name = "Alternate Part Number-1"; Value = "NA"; VariantName = "[No Variations]"
Add component (AddParameter): Name = "Case/Package"; Value = "SMD/SMT"; VariantName = "[No Variations]"
Add component (AddParameter): Name = "Manufacturer"; Value = "Fox Electronics"; VariantName = "[No Variations]"
Add component (AddParameter): Name = "Manufacturer Part Number"; Value = "ECS-80-32-5PX-TR"; VariantName = "[No Variations]"
Add component (AddParameter): Name = "Supplier Part Number-1"; Value = "ECS-80-32-5PX-TR"; VariantName = "[No Variations]"
Add component (AddParameter): Name = "Supplier-1"; Value = "SP ROAD"; VariantName = "[No Variations]"
Added Component: Designator=Y1(XTAL_314_240X47_SMD)
Add component (AddParameter): Name = "Alternate Part Number-1"; Value = "NA"; VariantName = "[No Variations]"
Add component (AddParameter): Name = "Case/Package"; Value = "SMD"; VariantName = "[No Variations]"
Add component (AddParameter): Name = "Manufacturer"; Value = "Abracon"; VariantName = "[No Variations]"
Add component (AddParameter): Name = "Manufacturer Part Number"; Value = "FOXSDLF/250F-20"; VariantName = "[No Variations]"
Add component (AddParameter): Name = "Supplier Part Number-1"; Value = "FOXSDLF/250F-20"; VariantName = "[No Variations]"
Add component (AddParameter): Name = "Supplier-1"; Value = "MOUSER"; VariantName = "[No Variations]"
Added Pin To Net: NetName=1V8 Pin=C51-2
Added Pin To Net: NetName=1V8 Pin=C52-2
Added Pin To Net: NetName=1V8 Pin=C80-2
Added Pin To Net: NetName=1V8 Pin=C81-2
Added Pin To Net: NetName=1V8 Pin=C82-2
Added Pin To Net: NetName=1V8 Pin=D6-K
Added Pin To Net: NetName=1V8 Pin=FB4-2
Added Pin To Net: NetName=1V8 Pin=U7-34
Added Pin To Net: NetName=1V8 Pin=U10-2
Added Pin To Net: NetName=1V8 Pin=U10-4
Added Net: Name=1V8
Added Pin To Net: NetName=3.3V Pin=C13-2
Added Pin To Net: NetName=3.3V Pin=C14-2
Added Pin To Net: NetName=3.3V Pin=C15-2
Added Pin To Net: NetName=3.3V Pin=C18-2
Added Pin To Net: NetName=3.3V Pin=C19-2
Added Pin To Net: NetName=3.3V Pin=C20-2
Added Pin To Net: NetName=3.3V Pin=R7-2
Added Pin To Net: NetName=3.3V Pin=R9-2
Added Pin To Net: NetName=3.3V Pin=R23-2
Added Pin To Net: NetName=3.3V Pin=U2-1
Added Pin To Net: NetName=3.3V Pin=U2-9
Added Pin To Net: NetName=3.3V Pin=U2-24
Added Pin To Net: NetName=3.3V Pin=U2-36
Added Pin To Net: NetName=3.3V Pin=U2-48
Added Net: Name=3.3V
Added Pin To Net: NetName=3V3 Pin=C21-2
Added Pin To Net: NetName=3V3 Pin=C22-2
Added Pin To Net: NetName=3V3 Pin=C25-2
Added Pin To Net: NetName=3V3 Pin=C26-2
Added Pin To Net: NetName=3V3 Pin=C27-2
Added Pin To Net: NetName=3V3 Pin=C28-2
Added Pin To Net: NetName=3V3 Pin=C29-1
Added Pin To Net: NetName=3V3 Pin=C36-2
Added Pin To Net: NetName=3V3 Pin=C44-2
Added Pin To Net: NetName=3V3 Pin=C45-2
Added Pin To Net: NetName=3V3 Pin=C47-2
Added Pin To Net: NetName=3V3 Pin=C58-2
Added Pin To Net: NetName=3V3 Pin=C59-2
Added Pin To Net: NetName=3V3 Pin=C60-2
Added Pin To Net: NetName=3V3 Pin=C61-2
Added Pin To Net: NetName=3V3 Pin=C64-2
Added Pin To Net: NetName=3V3 Pin=C65-2
Added Pin To Net: NetName=3V3 Pin=C86-2
Added Pin To Net: NetName=3V3 Pin=C87-2
Added Pin To Net: NetName=3V3 Pin=C88-2
Added Pin To Net: NetName=3V3 Pin=D8-K
Added Pin To Net: NetName=3V3 Pin=FB2-1
Added Pin To Net: NetName=3V3 Pin=FB3-2
Added Pin To Net: NetName=3V3 Pin=J4-3
Added Pin To Net: NetName=3V3 Pin=J5-3
Added Pin To Net: NetName=3V3 Pin=J7-1
Added Pin To Net: NetName=3V3 Pin=R12-2
Added Pin To Net: NetName=3V3 Pin=R26-2
Added Pin To Net: NetName=3V3 Pin=R27-2
Added Pin To Net: NetName=3V3 Pin=R28-2
Added Pin To Net: NetName=3V3 Pin=R31-1
Added Pin To Net: NetName=3V3 Pin=R32-1
Added Pin To Net: NetName=3V3 Pin=R33-2
Added Pin To Net: NetName=3V3 Pin=R43-2
Added Pin To Net: NetName=3V3 Pin=SW4-2
Added Pin To Net: NetName=3V3 Pin=U3-6
Added Pin To Net: NetName=3V3 Pin=U3-11
Added Pin To Net: NetName=3V3 Pin=U3-19
Added Pin To Net: NetName=3V3 Pin=U3-28
Added Pin To Net: NetName=3V3 Pin=U3-50
Added Pin To Net: NetName=3V3 Pin=U3-75
Added Pin To Net: NetName=3V3 Pin=U3-100
Added Pin To Net: NetName=3V3 Pin=U5-4
Added Pin To Net: NetName=3V3 Pin=U5-16
Added Pin To Net: NetName=3V3 Pin=U6-13
Added Pin To Net: NetName=3V3 Pin=U7-5
Added Pin To Net: NetName=3V3 Pin=U7-8
Added Pin To Net: NetName=3V3 Pin=U7-33
Added Pin To Net: NetName=3V3 Pin=U8-1
Added Pin To Net: NetName=3V3 Pin=U11-2
Added Pin To Net: NetName=3V3 Pin=U11-4
Added Net: Name=3V3
Added Pin To Net: NetName=A0 Pin=C48-1
Added Pin To Net: NetName=A0 Pin=C50-2
Added Pin To Net: NetName=A0 Pin=J7-2
Added Pin To Net: NetName=A0 Pin=U6-11
Added Net: Name=A0
Added Pin To Net: NetName=A1 Pin=C48-2
Added Pin To Net: NetName=A1 Pin=C49-2
Added Pin To Net: NetName=A1 Pin=J7-3
Added Pin To Net: NetName=A1 Pin=U6-10
Added Net: Name=A1
Added Pin To Net: NetName=ADC_DRDY Pin=U3-56
Added Pin To Net: NetName=ADC_DRDY Pin=U6-14
Added Net: Name=ADC_DRDY
Added Pin To Net: NetName=ADC_RESET Pin=SW4-1
Added Pin To Net: NetName=ADC_RESET Pin=U3-55
Added Pin To Net: NetName=ADC_RESET Pin=U6-3
Added Net: Name=ADC_RESET
Added Pin To Net: NetName=CAN_RX Pin=J5-2
Added Pin To Net: NetName=CAN_RX Pin=U3-70
Added Net: Name=CAN_RX
Added Pin To Net: NetName=CAN_TX Pin=J5-1
Added Pin To Net: NetName=CAN_TX Pin=U3-71
Added Net: Name=CAN_TX
Added Pin To Net: NetName=COL1 Pin=DS1-A
Added Pin To Net: NetName=COL1 Pin=U1-28
Added Pin To Net: NetName=COL1 Pin=U3-26
Added Net: Name=COL1
Added Pin To Net: NetName=COL2 Pin=DS2-A
Added Pin To Net: NetName=COL2 Pin=U1-29
Added Pin To Net: NetName=COL2 Pin=U3-23
Added Net: Name=COL2
Added Pin To Net: NetName=DAC_LRCK Pin=U3-90
Added Pin To Net: NetName=DAC_LRCK Pin=U7-40
Added Net: Name=DAC_LRCK
Added Pin To Net: NetName=DAC_MCLK Pin=U3-29
Added Pin To Net: NetName=DAC_MCLK Pin=U7-37
Added Net: Name=DAC_MCLK
Added Pin To Net: NetName=DAC_RESET Pin=R28-1
Added Pin To Net: NetName=DAC_RESET Pin=U3-54
Added Pin To Net: NetName=DAC_RESET Pin=U7-32
Added Net: Name=DAC_RESET
Added Pin To Net: NetName=DAC_SCLK Pin=U3-89
Added Pin To Net: NetName=DAC_SCLK Pin=U7-38
Added Net: Name=DAC_SCLK
Added Pin To Net: NetName=DAC_SDIN Pin=U3-80
Added Pin To Net: NetName=DAC_SDIN Pin=U7-39
Added Net: Name=DAC_SDIN
Added Pin To Net: NetName=ERT Pin=C12-1
Added Pin To Net: NetName=ERT Pin=R6-1
Added Net: Name=ERT
Added Pin To Net: NetName=ETH_RST Pin=R1-1
Added Pin To Net: NetName=ETH_RST Pin=SW1-2
Added Pin To Net: NetName=ETH_RST Pin=U1-32
Added Pin To Net: NetName=ETH_RST Pin=U3-64
Added Net: Name=ETH_RST
Added Pin To Net: NetName=EXT_UART_RX Pin=J4-2
Added Pin To Net: NetName=EXT_UART_RX Pin=U3-69
Added Net: Name=EXT_UART_RX
Added Pin To Net: NetName=EXT_UART_TX Pin=J4-1
Added Pin To Net: NetName=EXT_UART_TX Pin=U3-68
Added Net: Name=EXT_UART_TX
Added Pin To Net: NetName=GND Pin=C1-1
Added Pin To Net: NetName=GND Pin=C2-1
Added Pin To Net: NetName=GND Pin=C3-1
Added Pin To Net: NetName=GND Pin=C4-1
Added Pin To Net: NetName=GND Pin=C5-1
Added Pin To Net: NetName=GND Pin=C6-1
Added Pin To Net: NetName=GND Pin=C7-1
Added Pin To Net: NetName=GND Pin=C8-1
Added Pin To Net: NetName=GND Pin=C9-1
Added Pin To Net: NetName=GND Pin=C10-1
Added Pin To Net: NetName=GND Pin=C11-1
Added Pin To Net: NetName=GND Pin=C13-1
Added Pin To Net: NetName=GND Pin=C14-1
Added Pin To Net: NetName=GND Pin=C15-1
Added Pin To Net: NetName=GND Pin=C16-1
Added Pin To Net: NetName=GND Pin=C17-1
Added Pin To Net: NetName=GND Pin=C18-1
Added Pin To Net: NetName=GND Pin=C19-1
Added Pin To Net: NetName=GND Pin=C20-1
Added Pin To Net: NetName=GND Pin=C21-1
Added Pin To Net: NetName=GND Pin=C22-1
Added Pin To Net: NetName=GND Pin=C23-2
Added Pin To Net: NetName=GND Pin=C24-2
Added Pin To Net: NetName=GND Pin=C25-1
Added Pin To Net: NetName=GND Pin=C26-1
Added Pin To Net: NetName=GND Pin=C27-1
Added Pin To Net: NetName=GND Pin=C28-1
Added Pin To Net: NetName=GND Pin=C29-2
Added Pin To Net: NetName=GND Pin=C30-2
Added Pin To Net: NetName=GND Pin=C31-1
Added Pin To Net: NetName=GND Pin=C32-1
Added Pin To Net: NetName=GND Pin=C33-1
Added Pin To Net: NetName=GND Pin=C34-1
Added Pin To Net: NetName=GND Pin=C35-1
Added Pin To Net: NetName=GND Pin=C36-1
Added Pin To Net: NetName=GND Pin=C39-1
Added Pin To Net: NetName=GND Pin=C40-1
Added Pin To Net: NetName=GND Pin=C41-1
Added Pin To Net: NetName=GND Pin=C42-1
Added Pin To Net: NetName=GND Pin=C43-1
Added Pin To Net: NetName=GND Pin=C44-1
Added Pin To Net: NetName=GND Pin=C45-1
Added Pin To Net: NetName=GND Pin=C46-1
Added Pin To Net: NetName=GND Pin=C47-1
Added Pin To Net: NetName=GND Pin=C49-1
Added Pin To Net: NetName=GND Pin=C50-1
Added Pin To Net: NetName=GND Pin=C51-1
Added Pin To Net: NetName=GND Pin=C52-1
Added Pin To Net: NetName=GND Pin=C53-1
Added Pin To Net: NetName=GND Pin=C55-1
Added Pin To Net: NetName=GND Pin=C56-1
Added Pin To Net: NetName=GND Pin=C57-1
Added Pin To Net: NetName=GND Pin=C58-1
Added Pin To Net: NetName=GND Pin=C59-1
Added Pin To Net: NetName=GND Pin=C60-1
Added Pin To Net: NetName=GND Pin=C61-1
Added Pin To Net: NetName=GND Pin=C64-1
Added Pin To Net: NetName=GND Pin=C65-1
Added Pin To Net: NetName=GND Pin=C66-2
Added Pin To Net: NetName=GND Pin=C67-2
Added Pin To Net: NetName=GND Pin=C68-2
Added Pin To Net: NetName=GND Pin=C69-2
Added Pin To Net: NetName=GND Pin=C72-1
Added Pin To Net: NetName=GND Pin=C73-1
Added Pin To Net: NetName=GND Pin=C74-1
Added Pin To Net: NetName=GND Pin=C75-1
Added Pin To Net: NetName=GND Pin=C76-1
Added Pin To Net: NetName=GND Pin=C77-2
Added Pin To Net: NetName=GND Pin=C78-2
Added Pin To Net: NetName=GND Pin=C79-2
Added Pin To Net: NetName=GND Pin=C80-1
Added Pin To Net: NetName=GND Pin=C81-1
Added Pin To Net: NetName=GND Pin=C82-1
Added Pin To Net: NetName=GND Pin=C83-1
Added Pin To Net: NetName=GND Pin=C84-1
Added Pin To Net: NetName=GND Pin=C85-1
Added Pin To Net: NetName=GND Pin=C86-1
Added Pin To Net: NetName=GND Pin=C87-1
Added Pin To Net: NetName=GND Pin=C88-1
Added Pin To Net: NetName=GND Pin=C89-1
Added Pin To Net: NetName=GND Pin=C90-1
Added Pin To Net: NetName=GND Pin=C91-1
Added Pin To Net: NetName=GND Pin=D1-A
Added Pin To Net: NetName=GND Pin=D2-A
Added Pin To Net: NetName=GND Pin=D3-A
Added Pin To Net: NetName=GND Pin=D4-A
Added Pin To Net: NetName=GND Pin=D6-A
Added Pin To Net: NetName=GND Pin=D8-A
Added Pin To Net: NetName=GND Pin=DS1-K
Added Pin To Net: NetName=GND Pin=DS2-K
Added Pin To Net: NetName=GND Pin=J2-5
Added Pin To Net: NetName=GND Pin=J2-6
Added Pin To Net: NetName=GND Pin=J2-6
Added Pin To Net: NetName=GND Pin=J2-6
Added Pin To Net: NetName=GND Pin=J2-6
Added Pin To Net: NetName=GND Pin=J3-6
Added Pin To Net: NetName=GND Pin=J4-4
Added Pin To Net: NetName=GND Pin=J5-4
Added Pin To Net: NetName=GND Pin=J6-5
Added Pin To Net: NetName=GND Pin=J6-6
Added Pin To Net: NetName=GND Pin=J6-7
Added Pin To Net: NetName=GND Pin=J6-8
Added Pin To Net: NetName=GND Pin=J6-9
Added Pin To Net: NetName=GND Pin=J7-4
Added Pin To Net: NetName=GND Pin=J8-1
Added Pin To Net: NetName=GND Pin=J9-1
Added Pin To Net: NetName=GND Pin=J9-2
Added Pin To Net: NetName=GND Pin=R5-1
Added Pin To Net: NetName=GND Pin=R8-2
Added Pin To Net: NetName=GND Pin=R10-1
Added Pin To Net: NetName=GND Pin=R11-1
Added Pin To Net: NetName=GND Pin=R13-1
Added Pin To Net: NetName=GND Pin=R15-2
Added Pin To Net: NetName=GND Pin=R16-1
Added Pin To Net: NetName=GND Pin=R17-1
Added Pin To Net: NetName=GND Pin=R20-1
Added Pin To Net: NetName=GND Pin=R21-1
Added Pin To Net: NetName=GND Pin=R22-2
Added Pin To Net: NetName=GND Pin=R24-2
Added Pin To Net: NetName=GND Pin=R25-2
Added Pin To Net: NetName=GND Pin=R29-2
Added Pin To Net: NetName=GND Pin=R30-2
Added Pin To Net: NetName=GND Pin=R35-2
Added Pin To Net: NetName=GND Pin=R36-1
Added Pin To Net: NetName=GND Pin=R37-1
Added Pin To Net: NetName=GND Pin=R40-1
Added Pin To Net: NetName=GND Pin=R41-1
Added Pin To Net: NetName=GND Pin=R42-2
Added Pin To Net: NetName=GND Pin=R44-2
Added Pin To Net: NetName=GND Pin=R45-2
Added Pin To Net: NetName=GND Pin=SW1-1
Added Pin To Net: NetName=GND Pin=SW2-1
Added Pin To Net: NetName=GND Pin=SW3-1
Added Pin To Net: NetName=GND Pin=U1-33
Added Pin To Net: NetName=GND Pin=U2-8
Added Pin To Net: NetName=GND Pin=U2-23
Added Pin To Net: NetName=GND Pin=U2-35
Added Pin To Net: NetName=GND Pin=U2-47
Added Pin To Net: NetName=GND Pin=U3-10
Added Pin To Net: NetName=GND Pin=U3-20
Added Pin To Net: NetName=GND Pin=U3-27
Added Pin To Net: NetName=GND Pin=U3-74
Added Pin To Net: NetName=GND Pin=U3-99
Added Pin To Net: NetName=GND Pin=U4-5
Added Pin To Net: NetName=GND Pin=U4-16
Added Pin To Net: NetName=GND Pin=U4-20
Added Pin To Net: NetName=GND Pin=U4-25
Added Pin To Net: NetName=GND Pin=U5-1
Added Pin To Net: NetName=GND Pin=U6-1
Added Pin To Net: NetName=GND Pin=U6-2
Added Pin To Net: NetName=GND Pin=U6-4
Added Pin To Net: NetName=GND Pin=U6-5
Added Pin To Net: NetName=GND Pin=U7-3
Added Pin To Net: NetName=GND Pin=U7-17
Added Pin To Net: NetName=GND Pin=U7-31
Added Pin To Net: NetName=GND Pin=U7-35
Added Pin To Net: NetName=GND Pin=U7-41
Added Pin To Net: NetName=GND Pin=U8-5
Added Pin To Net: NetName=GND Pin=U8-5
Added Pin To Net: NetName=GND Pin=U8-5
Added Pin To Net: NetName=GND Pin=U8-5
Added Pin To Net: NetName=GND Pin=U9-5
Added Pin To Net: NetName=GND Pin=U9-16
Added Pin To Net: NetName=GND Pin=U9-20
Added Pin To Net: NetName=GND Pin=U9-25
Added Pin To Net: NetName=GND Pin=U10-1
Added Pin To Net: NetName=GND Pin=U11-1
Added Net: Name=GND
Added Pin To Net: NetName=INT Pin=R2-2
Added Pin To Net: NetName=INT Pin=U1-21
Added Net: Name=INT
Added Pin To Net: NetName=JNTRST_F103 Pin=J3-1
Added Pin To Net: NetName=JNTRST_F103 Pin=U2-40
Added Net: Name=JNTRST_F103
Added Pin To Net: NetName=JTCK_F103 Pin=J3-3
Added Pin To Net: NetName=JTCK_F103 Pin=U2-37
Added Net: Name=JTCK_F103
Added Pin To Net: NetName=JTCLK_F407 Pin=U2-18
Added Pin To Net: NetName=JTCLK_F407 Pin=U3-76
Added Net: Name=JTCLK_F407
Added Pin To Net: NetName=JTDI_F103 Pin=J3-2
Added Pin To Net: NetName=JTDI_F103 Pin=U2-38
Added Net: Name=JTDI_F103
Added Pin To Net: NetName=JTDO_F103 Pin=J3-5
Added Pin To Net: NetName=JTDO_F103 Pin=U2-39
Added Net: Name=JTDO_F103
Added Pin To Net: NetName=JTMS_F103 Pin=J3-4
Added Pin To Net: NetName=JTMS_F103 Pin=U2-34
Added Net: Name=JTMS_F103
Added Pin To Net: NetName=JTMS_F407 Pin=U2-25
Added Pin To Net: NetName=JTMS_F407 Pin=U2-27
Added Pin To Net: NetName=JTMS_F407 Pin=U3-72
Added Net: Name=JTMS_F407
Added Pin To Net: NetName=LOUTA Pin=J8-3
Added Pin To Net: NetName=LOUTA Pin=U7-15
Added Net: Name=LOUTA
Added Pin To Net: NetName=LOUTB Pin=C62-1
Added Pin To Net: NetName=LOUTB Pin=C63-1
Added Pin To Net: NetName=LOUTB Pin=J8-2
Added Pin To Net: NetName=LOUTB Pin=U7-14
Added Net: Name=LOUTB
Added Pin To Net: NetName=MDC Pin=U1-12
Added Pin To Net: NetName=MDC Pin=U3-16
Added Net: Name=MDC
Added Pin To Net: NetName=MDIO Pin=R4-2
Added Pin To Net: NetName=MDIO Pin=U1-11
Added Pin To Net: NetName=MDIO Pin=U3-25
Added Net: Name=MDIO
Added Pin To Net: NetName=mEN Pin=R25-1
Added Pin To Net: NetName=mEN Pin=U3-45
Added Pin To Net: NetName=mEN Pin=U4-14
Added Net: Name=mEN
Added Pin To Net: NetName=mEN_2 Pin=R45-1
Added Pin To Net: NetName=mEN_2 Pin=U3-66
Added Pin To Net: NetName=mEN_2 Pin=U9-14
Added Net: Name=mEN_2
Added Pin To Net: NetName=mFAULT Pin=R18-2
Added Pin To Net: NetName=mFAULT Pin=U3-62
Added Pin To Net: NetName=mFAULT Pin=U4-9
Added Net: Name=mFAULT
Added Pin To Net: NetName=mFAULT_2 Pin=R38-2
Added Pin To Net: NetName=mFAULT_2 Pin=U3-59
Added Pin To Net: NetName=mFAULT_2 Pin=U9-9
Added Net: Name=mFAULT_2
Added Pin To Net: NetName=MIC_CLK Pin=U3-65
Added Pin To Net: NetName=MIC_CLK Pin=U8-3
Added Net: Name=MIC_CLK
Added Pin To Net: NetName=MIC_DOUT Pin=U8-4
Added Net: Name=MIC_DOUT
Added Pin To Net: NetName=mPH Pin=U3-63
Added Pin To Net: NetName=mPH Pin=U4-15
Added Net: Name=mPH
Added Pin To Net: NetName=mPH_2 Pin=U3-60
Added Pin To Net: NetName=mPH_2 Pin=U9-15
Added Net: Name=mPH_2
Added Pin To Net: NetName=mSNS Pin=R19-2
Added Pin To Net: NetName=mSNS Pin=U3-61
Added Pin To Net: NetName=mSNS Pin=U4-10
Added Net: Name=mSNS
Added Pin To Net: NetName=mSNS_2 Pin=R39-2
Added Pin To Net: NetName=mSNS_2 Pin=U3-58
Added Pin To Net: NetName=mSNS_2 Pin=U9-10
Added Net: Name=mSNS_2
Added Pin To Net: NetName=mSO Pin=U3-30
Added Pin To Net: NetName=mSO Pin=U4-11
Added Net: Name=mSO
Added Pin To Net: NetName=mSO_2 Pin=U3-31
Added Pin To Net: NetName=mSO_2 Pin=U9-11
Added Net: Name=mSO_2
Added Pin To Net: NetName=NetC1_2 Pin=C1-2
Added Pin To Net: NetName=NetC1_2 Pin=U1-2
Added Net: Name=NetC1_2
Added Pin To Net: NetName=NetC2_2 Pin=C2-2
Added Pin To Net: NetName=NetC2_2 Pin=U1-8
Added Pin To Net: NetName=NetC2_2 Pin=Y1-1
Added Net: Name=NetC2_2
Added Pin To Net: NetName=NetC7_2 Pin=C7-2
Added Pin To Net: NetName=NetC7_2 Pin=C8-2
Added Pin To Net: NetName=NetC7_2 Pin=C9-2
Added Pin To Net: NetName=NetC7_2 Pin=C10-2
Added Pin To Net: NetName=NetC7_2 Pin=FB1-2
Added Pin To Net: NetName=NetC7_2 Pin=U1-3
Added Net: Name=NetC7_2
Added Pin To Net: NetName=NetC11_2 Pin=C11-2
Added Pin To Net: NetName=NetC11_2 Pin=U1-9
Added Pin To Net: NetName=NetC11_2 Pin=Y1-2
Added Net: Name=NetC11_2
Added Pin To Net: NetName=NetC12_2 Pin=C12-2
Added Pin To Net: NetName=NetC12_2 Pin=J1-9
Added Pin To Net: NetName=NetC12_2 Pin=J1-10
Added Pin To Net: NetName=NetC12_2 Pin=R6-2
Added Net: Name=NetC12_2
Added Pin To Net: NetName=NetC16_2 Pin=C16-2
Added Pin To Net: NetName=NetC16_2 Pin=U2-5
Added Pin To Net: NetName=NetC16_2 Pin=X1-2
Added Net: Name=NetC16_2
Added Pin To Net: NetName=NetC17_2 Pin=C17-2
Added Pin To Net: NetName=NetC17_2 Pin=U2-6
Added Pin To Net: NetName=NetC17_2 Pin=X1-1
Added Net: Name=NetC17_2
Added Pin To Net: NetName=NetC23_1 Pin=C23-1
Added Pin To Net: NetName=NetC23_1 Pin=U3-12
Added Pin To Net: NetName=NetC23_1 Pin=X2-2
Added Net: Name=NetC23_1
Added Pin To Net: NetName=NetC24_1 Pin=C24-1
Added Pin To Net: NetName=NetC24_1 Pin=U3-13
Added Pin To Net: NetName=NetC24_1 Pin=X2-1
Added Net: Name=NetC24_1
Added Pin To Net: NetName=NetC30_1 Pin=C30-1
Added Pin To Net: NetName=NetC30_1 Pin=U3-73
Added Net: Name=NetC30_1
Added Pin To Net: NetName=NetC31_2 Pin=C31-2
Added Pin To Net: NetName=NetC31_2 Pin=U3-49
Added Net: Name=NetC31_2
Added Pin To Net: NetName=NetC32_2 Pin=C32-2
Added Pin To Net: NetName=NetC32_2 Pin=C33-2
Added Pin To Net: NetName=NetC32_2 Pin=C34-2
Added Pin To Net: NetName=NetC32_2 Pin=C35-2
Added Pin To Net: NetName=NetC32_2 Pin=FB2-2
Added Pin To Net: NetName=NetC32_2 Pin=U3-21
Added Pin To Net: NetName=NetC32_2 Pin=U3-22
Added Net: Name=NetC32_2
Added Pin To Net: NetName=NetC37_1 Pin=C37-1
Added Pin To Net: NetName=NetC37_1 Pin=U4-3
Added Net: Name=NetC37_1
Added Pin To Net: NetName=NetC37_2 Pin=C37-2
Added Pin To Net: NetName=NetC37_2 Pin=U4-4
Added Net: Name=NetC37_2
Added Pin To Net: NetName=NetC38_2 Pin=C38-2
Added Pin To Net: NetName=NetC38_2 Pin=U4-2
Added Net: Name=NetC38_2
Added Pin To Net: NetName=NetC41_2 Pin=C41-2
Added Pin To Net: NetName=NetC41_2 Pin=C42-2
Added Pin To Net: NetName=NetC41_2 Pin=R14-1
Added Pin To Net: NetName=NetC41_2 Pin=U4-7
Added Net: Name=NetC41_2
Added Pin To Net: NetName=NetC43_2 Pin=C43-2
Added Pin To Net: NetName=NetC43_2 Pin=R18-1
Added Pin To Net: NetName=NetC43_2 Pin=R19-1
Added Pin To Net: NetName=NetC43_2 Pin=U4-8
Added Net: Name=NetC43_2
Added Pin To Net: NetName=NetC46_2 Pin=C46-2
Added Pin To Net: NetName=NetC46_2 Pin=FB3-1
Added Pin To Net: NetName=NetC46_2 Pin=U6-12
Added Net: Name=NetC46_2
Added Pin To Net: NetName=NetC53_2 Pin=C53-2
Added Pin To Net: NetName=NetC53_2 Pin=U7-10
Added Net: Name=NetC53_2
Added Pin To Net: NetName=NetC54_1 Pin=C54-1
Added Pin To Net: NetName=NetC54_1 Pin=U7-11
Added Net: Name=NetC54_1
Added Pin To Net: NetName=NetC54_2 Pin=C54-2
Added Pin To Net: NetName=NetC54_2 Pin=U7-12
Added Net: Name=NetC54_2
Added Pin To Net: NetName=NetC55_2 Pin=C55-2
Added Pin To Net: NetName=NetC55_2 Pin=C56-2
Added Pin To Net: NetName=NetC55_2 Pin=C57-2
Added Pin To Net: NetName=NetC55_2 Pin=FB4-1
Added Pin To Net: NetName=NetC55_2 Pin=U7-13
Added Pin To Net: NetName=NetC55_2 Pin=U7-16
Added Net: Name=NetC55_2
Added Pin To Net: NetName=NetC62_2 Pin=C62-2
Added Pin To Net: NetName=NetC62_2 Pin=R30-1
Added Net: Name=NetC62_2
Added Pin To Net: NetName=NetC63_2 Pin=C63-2
Added Pin To Net: NetName=NetC63_2 Pin=R29-1
Added Net: Name=NetC63_2
Added Pin To Net: NetName=NetC66_1 Pin=C66-1
Added Pin To Net: NetName=NetC66_1 Pin=U7-27
Added Net: Name=NetC66_1
Added Pin To Net: NetName=NetC67_1 Pin=C67-1
Added Pin To Net: NetName=NetC67_1 Pin=U7-28
Added Net: Name=NetC67_1
Added Pin To Net: NetName=NetC68_1 Pin=C68-1
Added Pin To Net: NetName=NetC68_1 Pin=U7-19
Added Net: Name=NetC68_1
Added Pin To Net: NetName=NetC69_1 Pin=C69-1
Added Pin To Net: NetName=NetC69_1 Pin=U7-18
Added Net: Name=NetC69_1
Added Pin To Net: NetName=NetC70_1 Pin=C70-1
Added Pin To Net: NetName=NetC70_1 Pin=U9-3
Added Net: Name=NetC70_1
Added Pin To Net: NetName=NetC70_2 Pin=C70-2
Added Pin To Net: NetName=NetC70_2 Pin=U9-4
Added Net: Name=NetC70_2
Added Pin To Net: NetName=NetC71_2 Pin=C71-2
Added Pin To Net: NetName=NetC71_2 Pin=U9-2
Added Net: Name=NetC71_2
Added Pin To Net: NetName=NetC74_2 Pin=C74-2
Added Pin To Net: NetName=NetC74_2 Pin=C75-2
Added Pin To Net: NetName=NetC74_2 Pin=R34-1
Added Pin To Net: NetName=NetC74_2 Pin=U9-7
Added Net: Name=NetC74_2
Added Pin To Net: NetName=NetC76_2 Pin=C76-2
Added Pin To Net: NetName=NetC76_2 Pin=R38-1
Added Pin To Net: NetName=NetC76_2 Pin=R39-1
Added Pin To Net: NetName=NetC76_2 Pin=U9-8
Added Net: Name=NetC76_2
Added Pin To Net: NetName=NetC83_2 Pin=C83-2
Added Pin To Net: NetName=NetC83_2 Pin=C84-2
Added Pin To Net: NetName=NetC83_2 Pin=C85-2
Added Pin To Net: NetName=NetC83_2 Pin=D5-K
Added Pin To Net: NetName=NetC83_2 Pin=U10-3
Added Net: Name=NetC83_2
Added Pin To Net: NetName=NetC89_2 Pin=C89-2
Added Pin To Net: NetName=NetC89_2 Pin=C90-2
Added Pin To Net: NetName=NetC89_2 Pin=C91-2
Added Pin To Net: NetName=NetC89_2 Pin=D7-K
Added Pin To Net: NetName=NetC89_2 Pin=U11-3
Added Net: Name=NetC89_2
Added Pin To Net: NetName=NetMOTOR1_1 Pin=MOTOR1-1
Added Pin To Net: NetName=NetMOTOR1_1 Pin=Q1-2
Added Pin To Net: NetName=NetMOTOR1_1 Pin=Q2-3
Added Pin To Net: NetName=NetMOTOR1_1 Pin=U4-23
Added Net: Name=NetMOTOR1_1
Added Pin To Net: NetName=NetMOTOR1_2 Pin=MOTOR1-2
Added Pin To Net: NetName=NetMOTOR1_2 Pin=Q3-1
Added Pin To Net: NetName=NetMOTOR1_2 Pin=R22-1
Added Pin To Net: NetName=NetMOTOR1_2 Pin=U4-19
Added Net: Name=NetMOTOR1_2
Added Pin To Net: NetName=NetMOTOR2_1 Pin=MOTOR2-1
Added Pin To Net: NetName=NetMOTOR2_1 Pin=Q5-2
Added Pin To Net: NetName=NetMOTOR2_1 Pin=Q6-3
Added Pin To Net: NetName=NetMOTOR2_1 Pin=U9-23
Added Net: Name=NetMOTOR2_1
Added Pin To Net: NetName=NetMOTOR2_2 Pin=MOTOR2-2
Added Pin To Net: NetName=NetMOTOR2_2 Pin=Q7-1
Added Pin To Net: NetName=NetMOTOR2_2 Pin=R42-1
Added Pin To Net: NetName=NetMOTOR2_2 Pin=U9-19
Added Net: Name=NetMOTOR2_2
Added Pin To Net: NetName=NetQ1_1 Pin=Q1-1
Added Pin To Net: NetName=NetQ1_1 Pin=R16-2
Added Pin To Net: NetName=NetQ1_1 Pin=U4-24
Added Net: Name=NetQ1_1
Added Pin To Net: NetName=NetQ2_1 Pin=Q2-1
Added Pin To Net: NetName=NetQ2_1 Pin=R17-2
Added Pin To Net: NetName=NetQ2_1 Pin=U4-22
Added Net: Name=NetQ2_1
Added Pin To Net: NetName=NetQ2_2 Pin=Q2-2
Added Pin To Net: NetName=NetQ2_2 Pin=Q3-2
Added Pin To Net: NetName=NetQ2_2 Pin=R20-2
Added Pin To Net: NetName=NetQ2_2 Pin=U4-21
Added Net: Name=NetQ2_2
Added Pin To Net: NetName=NetQ3_3 Pin=Q3-3
Added Pin To Net: NetName=NetQ3_3 Pin=Q4-2
Added Pin To Net: NetName=NetQ3_3 Pin=U4-18
Added Net: Name=NetQ3_3
Added Pin To Net: NetName=NetQ4_1 Pin=Q4-1
Added Pin To Net: NetName=NetQ4_1 Pin=R24-1
Added Pin To Net: NetName=NetQ4_1 Pin=U4-17
Added Net: Name=NetQ4_1
Added Pin To Net: NetName=NetQ5_1 Pin=Q5-1
Added Pin To Net: NetName=NetQ5_1 Pin=R36-2
Added Pin To Net: NetName=NetQ5_1 Pin=U9-24
Added Net: Name=NetQ5_1
Added Pin To Net: NetName=NetQ6_1 Pin=Q6-1
Added Pin To Net: NetName=NetQ6_1 Pin=R37-2
Added Pin To Net: NetName=NetQ6_1 Pin=U9-22
Added Net: Name=NetQ6_1
Added Pin To Net: NetName=NetQ6_2 Pin=Q6-2
Added Pin To Net: NetName=NetQ6_2 Pin=Q7-2
Added Pin To Net: NetName=NetQ6_2 Pin=R40-2
Added Pin To Net: NetName=NetQ6_2 Pin=U9-21
Added Net: Name=NetQ6_2
Added Pin To Net: NetName=NetQ7_3 Pin=Q7-3
Added Pin To Net: NetName=NetQ7_3 Pin=Q8-2
Added Pin To Net: NetName=NetQ7_3 Pin=U9-18
Added Net: Name=NetQ7_3
Added Pin To Net: NetName=NetQ8_1 Pin=Q8-1
Added Pin To Net: NetName=NetQ8_1 Pin=R44-1
Added Pin To Net: NetName=NetQ8_1 Pin=U9-17
Added Net: Name=NetQ8_1
Added Pin To Net: NetName=NetR3_1 Pin=R3-1
Added Pin To Net: NetName=NetR3_1 Pin=U1-1
Added Net: Name=NetR3_1
Added Pin To Net: NetName=NetR5_2 Pin=R5-2
Added Pin To Net: NetName=NetR5_2 Pin=U1-10
Added Net: Name=NetR5_2
Added Pin To Net: NetName=NetR8_1 Pin=R8-1
Added Pin To Net: NetName=NetR8_1 Pin=U2-44
Added Net: Name=NetR8_1
Added Pin To Net: NetName=NetR10_2 Pin=R10-2
Added Pin To Net: NetName=NetR10_2 Pin=U2-20
Added Net: Name=NetR10_2
Added Pin To Net: NetName=NetR11_2 Pin=R11-2
Added Pin To Net: NetName=NetR11_2 Pin=U3-37
Added Net: Name=NetR11_2
Added Pin To Net: NetName=NetR13_2 Pin=R13-2
Added Pin To Net: NetName=NetR13_2 Pin=U3-94
Added Net: Name=NetR13_2
Added Pin To Net: NetName=NetR14_2 Pin=R14-2
Added Pin To Net: NetName=NetR14_2 Pin=R15-1
Added Pin To Net: NetName=NetR14_2 Pin=U4-6
Added Net: Name=NetR14_2
Added Pin To Net: NetName=NetR21_2 Pin=R21-2
Added Pin To Net: NetName=NetR21_2 Pin=U4-12
Added Net: Name=NetR21_2
Added Pin To Net: NetName=NetR23_1 Pin=R23-1
Added Pin To Net: NetName=NetR23_1 Pin=U4-13
Added Net: Name=NetR23_1
Added Pin To Net: NetName=NetR33_1 Pin=R33-1
Added Pin To Net: NetName=NetR33_1 Pin=U8-2
Added Net: Name=NetR33_1
Added Pin To Net: NetName=NetR34_2 Pin=R34-2
Added Pin To Net: NetName=NetR34_2 Pin=R35-1
Added Pin To Net: NetName=NetR34_2 Pin=U9-6
Added Net: Name=NetR34_2
Added Pin To Net: NetName=NetR41_2 Pin=R41-2
Added Pin To Net: NetName=NetR41_2 Pin=U9-12
Added Net: Name=NetR41_2
Added Pin To Net: NetName=NetR43_1 Pin=R43-1
Added Pin To Net: NetName=NetR43_1 Pin=U9-13
Added Net: Name=NetR43_1
Added Pin To Net: NetName=NRST Pin=R9-1
Added Pin To Net: NetName=NRST Pin=SW2-2
Added Pin To Net: NetName=NRST Pin=U2-7
Added Net: Name=NRST
Added Pin To Net: NetName=NRST_F407 Pin=R12-1
Added Pin To Net: NetName=NRST_F407 Pin=SW3-2
Added Pin To Net: NetName=NRST_F407 Pin=U2-26
Added Pin To Net: NetName=NRST_F407 Pin=U3-14
Added Net: Name=NRST_F407
Added Pin To Net: NetName=RD_N Pin=D1-K
Added Pin To Net: NetName=RD_N Pin=J1-6
Added Pin To Net: NetName=RD_N Pin=U1-4
Added Net: Name=RD_N
Added Pin To Net: NetName=RD_P Pin=D2-K
Added Pin To Net: NetName=RD_P Pin=J1-5
Added Pin To Net: NetName=RD_P Pin=U1-5
Added Net: Name=RD_P
Added Pin To Net: NetName=RX_CLK Pin=U1-19
Added Pin To Net: NetName=RX_CLK Pin=U3-24
Added Net: Name=RX_CLK
Added Pin To Net: NetName=RX_D0 Pin=U1-16
Added Pin To Net: NetName=RX_D0 Pin=U3-33
Added Net: Name=RX_D0
Added Pin To Net: NetName=RX_D1 Pin=U1-15
Added Pin To Net: NetName=RX_D1 Pin=U3-34
Added Net: Name=RX_D1
Added Pin To Net: NetName=RX_D2 Pin=U1-14
Added Pin To Net: NetName=RX_D2 Pin=U3-35
Added Net: Name=RX_D2
Added Pin To Net: NetName=RX_D3 Pin=U1-13
Added Pin To Net: NetName=RX_D3 Pin=U3-36
Added Net: Name=RX_D3
Added Pin To Net: NetName=RX_DV Pin=U1-18
Added Pin To Net: NetName=RX_DV Pin=U3-32
Added Net: Name=RX_DV
Added Pin To Net: NetName=RX_ER Pin=U1-20
Added Pin To Net: NetName=RX_ER Pin=U3-47
Added Net: Name=RX_ER
Added Pin To Net: NetName=SCL Pin=R26-1
Added Pin To Net: NetName=SCL Pin=R32-2
Added Pin To Net: NetName=SCL Pin=U3-92
Added Pin To Net: NetName=SCL Pin=U6-16
Added Pin To Net: NetName=SCL Pin=U7-2
Added Net: Name=SCL
Added Pin To Net: NetName=SDA Pin=R27-1
Added Pin To Net: NetName=SDA Pin=R31-2
Added Pin To Net: NetName=SDA Pin=U3-93
Added Pin To Net: NetName=SDA Pin=U6-15
Added Pin To Net: NetName=SDA Pin=U7-1
Added Net: Name=SDA
Added Pin To Net: NetName=SPKA- Pin=U7-6
Added Net: Name=SPKA-
Added Pin To Net: NetName=SPKA+ Pin=U7-4
Added Net: Name=SPKA+
Added Pin To Net: NetName=SPKB- Pin=U7-9
Added Net: Name=SPKB-
Added Pin To Net: NetName=SPKB+ Pin=U7-7
Added Net: Name=SPKB+
Added Pin To Net: NetName=TD_N Pin=D3-K
Added Pin To Net: NetName=TD_N Pin=J1-2
Added Pin To Net: NetName=TD_N Pin=U1-6
Added Net: Name=TD_N
Added Pin To Net: NetName=TD_P Pin=D4-K
Added Pin To Net: NetName=TD_P Pin=J1-1
Added Pin To Net: NetName=TD_P Pin=U1-7
Added Net: Name=TD_P
Added Pin To Net: NetName=TX_CLK Pin=U1-22
Added Pin To Net: NetName=TX_CLK Pin=U3-18
Added Net: Name=TX_CLK
Added Pin To Net: NetName=TX_D1 Pin=U1-25
Added Pin To Net: NetName=TX_D1 Pin=U3-52
Added Net: Name=TX_D1
Added Pin To Net: NetName=TX_D2 Pin=U1-26
Added Pin To Net: NetName=TX_D2 Pin=U3-17
Added Net: Name=TX_D2
Added Pin To Net: NetName=TX_D3 Pin=U1-27
Added Pin To Net: NetName=TX_D3 Pin=U3-1
Added Net: Name=TX_D3
Added Pin To Net: NetName=TX_DO Pin=U1-24
Added Pin To Net: NetName=TX_DO Pin=U3-51
Added Net: Name=TX_DO
Added Pin To Net: NetName=TX_EN Pin=U1-23
Added Pin To Net: NetName=TX_EN Pin=U3-48
Added Net: Name=TX_EN
Added Pin To Net: NetName=uD_N Pin=J6-2
Added Pin To Net: NetName=uD_N Pin=U5-6
Added Net: Name=uD_N
Added Pin To Net: NetName=uD_P Pin=J6-3
Added Pin To Net: NetName=uD_P Pin=U5-5
Added Net: Name=uD_P
Added Pin To Net: NetName=uRST Pin=U3-57
Added Pin To Net: NetName=uRST Pin=U5-14
Added Net: Name=uRST
Added Pin To Net: NetName=uRX Pin=U3-79
Added Pin To Net: NetName=uRX Pin=U5-3
Added Net: Name=uRX
Added Pin To Net: NetName=usb_n Pin=J2-2
Added Pin To Net: NetName=usb_n Pin=U2-32
Added Net: Name=usb_n
Added Pin To Net: NetName=usb_p Pin=J2-3
Added Pin To Net: NetName=usb_p Pin=R7-1
Added Pin To Net: NetName=usb_p Pin=U2-33
Added Net: Name=usb_p
Added Pin To Net: NetName=uTX Pin=U3-78
Added Pin To Net: NetName=uTX Pin=U5-2
Added Net: Name=uTX
Added Pin To Net: NetName=VCC Pin=C38-1
Added Pin To Net: NetName=VCC Pin=C39-2
Added Pin To Net: NetName=VCC Pin=C40-2
Added Pin To Net: NetName=VCC Pin=C71-1
Added Pin To Net: NetName=VCC Pin=C72-2
Added Pin To Net: NetName=VCC Pin=C73-2
Added Pin To Net: NetName=VCC Pin=C79-1
Added Pin To Net: NetName=VCC Pin=D5-A
Added Pin To Net: NetName=VCC Pin=D7-A
Added Pin To Net: NetName=VCC Pin=J9-3
Added Pin To Net: NetName=VCC Pin=Q1-3
Added Pin To Net: NetName=VCC Pin=Q4-3
Added Pin To Net: NetName=VCC Pin=Q5-3
Added Pin To Net: NetName=VCC Pin=Q8-3
Added Pin To Net: NetName=VCC Pin=U4-1
Added Pin To Net: NetName=VCC Pin=U9-1
Added Net: Name=VCC
Added Pin To Net: NetName=VDDIO Pin=C3-2
Added Pin To Net: NetName=VDDIO Pin=C4-2
Added Pin To Net: NetName=VDDIO Pin=C5-2
Added Pin To Net: NetName=VDDIO Pin=C6-2
Added Pin To Net: NetName=VDDIO Pin=FB1-1
Added Pin To Net: NetName=VDDIO Pin=R1-2
Added Pin To Net: NetName=VDDIO Pin=R2-1
Added Pin To Net: NetName=VDDIO Pin=R3-2
Added Pin To Net: NetName=VDDIO Pin=R4-1
Added Pin To Net: NetName=VDDIO Pin=U1-17
Added Net: Name=VDDIO
Added Differential Pair: Name=RD
Added Differential Pair: Name=TD
Added Differential Pair: Name=uD
Added Differential Pair: Name=usb
Added Member To Class: ClassName=Ethernet Member=Component C1 10nF
Added Member To Class: ClassName=Ethernet Member=Component C2 20pF
Added Member To Class: ClassName=Ethernet Member=Component C3 10uF
Added Member To Class: ClassName=Ethernet Member=Component C4 1uF
Added Member To Class: ClassName=Ethernet Member=Component C5 0.1uF
Added Member To Class: ClassName=Ethernet Member=Component C6 10nF
Added Member To Class: ClassName=Ethernet Member=Component C7 10uF
Added Member To Class: ClassName=Ethernet Member=Component C8 1uF
Added Member To Class: ClassName=Ethernet Member=Component C9 0.1uF
Added Member To Class: ClassName=Ethernet Member=Component C10 10nF
Added Member To Class: ClassName=Ethernet Member=Component C11 20pF
Added Member To Class: ClassName=Ethernet Member=Component C12 10nF
Added Member To Class: ClassName=STM32F103_DEBUG Member=Component C13 0.1uF
Added Member To Class: ClassName=STM32F103_DEBUG Member=Component C14 0.1uF
Added Member To Class: ClassName=STM32F103_DEBUG Member=Component C15 0.1uF
Added Member To Class: ClassName=STM32F103_DEBUG Member=Component C16 30pF
Added Member To Class: ClassName=STM32F103_DEBUG Member=Component C17 30pF
Added Member To Class: ClassName=STM32F103_DEBUG Member=Component C18 1uF
Added Member To Class: ClassName=STM32F103_DEBUG Member=Component C19 10nF
Added Member To Class: ClassName=STM32F103_DEBUG Member=Component C20 0.1uF
Added Member To Class: ClassName=STM32F407 Member=Component C21 0.1uF
Added Member To Class: ClassName=STM32F407 Member=Component C22 0.1uF
Added Member To Class: ClassName=STM32F407 Member=Component C23 18pF
Added Member To Class: ClassName=STM32F407 Member=Component C24 18pF
Added Member To Class: ClassName=STM32F407 Member=Component C25 0.1uF
Added Member To Class: ClassName=STM32F407 Member=Component C26 0.1uF
Added Member To Class: ClassName=STM32F407 Member=Component C27 0.1uF
Added Member To Class: ClassName=STM32F407 Member=Component C28 0.1uF
Added Member To Class: ClassName=STM32F407 Member=Component C29 4.7uF
Added Member To Class: ClassName=STM32F407 Member=Component C30 2.2uF
Added Member To Class: ClassName=STM32F407 Member=Component C31 2.2uF
Added Member To Class: ClassName=STM32F407 Member=Component C32 1uF
Added Member To Class: ClassName=STM32F407 Member=Component C33 1uF
Added Member To Class: ClassName=STM32F407 Member=Component C34 0.1uF
Added Member To Class: ClassName=STM32F407 Member=Component C35 0.1uF
Added Member To Class: ClassName=STM32F407 Member=Component C36 0.1uF
Added Member To Class: ClassName=MotorDriver Member=Component C37 0.1uF
Added Member To Class: ClassName=MotorDriver Member=Component C38 1uF
Added Member To Class: ClassName=MotorDriver Member=Component C39 0.1uF
Added Member To Class: ClassName=MotorDriver Member=Component C40 100pF
Added Member To Class: ClassName=MotorDriver Member=Component C41 1uF
Added Member To Class: ClassName=MotorDriver Member=Component C42 1uF
Added Member To Class: ClassName=MotorDriver Member=Component C43 1uF
Added Member To Class: ClassName=UART Member=Component C44 0.1uF
Added Member To Class: ClassName=ADC Member=Component C45 0.1uF
Added Member To Class: ClassName=ADC Member=Component C46 0.1uF
Added Member To Class: ClassName=ADC Member=Component C47 0.1uF
Added Member To Class: ClassName=ADC Member=Component C48 0.1uF
Added Member To Class: ClassName=ADC Member=Component C49 10uF
Added Member To Class: ClassName=ADC Member=Component C50 10uF
Added Member To Class: ClassName=DAC Member=Component C51 1uF
Added Member To Class: ClassName=DAC Member=Component C52 0.1uF
Added Member To Class: ClassName=DAC Member=Component C53 1uF
Added Member To Class: ClassName=DAC Member=Component C54 1uF
Added Member To Class: ClassName=DAC Member=Component C55 0.1uF
Added Member To Class: ClassName=DAC Member=Component C56 0.1uF
Added Member To Class: ClassName=DAC Member=Component C57 1uF
Added Member To Class: ClassName=DAC Member=Component C58 0.1uF
Added Member To Class: ClassName=DAC Member=Component C59 10uF
Added Member To Class: ClassName=DAC Member=Component C60 0.1uF
Added Member To Class: ClassName=DAC Member=Component C61 0.1uF
Added Member To Class: ClassName=DAC Member=Component C62 22nF
Added Member To Class: ClassName=DAC Member=Component C63 22nF
Added Member To Class: ClassName=DAC Member=Component C64 1uF
Added Member To Class: ClassName=DAC Member=Component C65 0.1uF
Added Member To Class: ClassName=DAC Member=Component C66 150pF
Added Member To Class: ClassName=DAC Member=Component C67 150pF
Added Member To Class: ClassName=DAC Member=Component C68 150pF
Added Member To Class: ClassName=DAC Member=Component C69 150pF
Added Member To Class: ClassName=MotorDriver2 Member=Component C70 0.1uF
Added Member To Class: ClassName=MotorDriver2 Member=Component C71 1uF
Added Member To Class: ClassName=MotorDriver2 Member=Component C72 0.1uF
Added Member To Class: ClassName=MotorDriver2 Member=Component C73 100pF
Added Member To Class: ClassName=MotorDriver2 Member=Component C74 1uF
Added Member To Class: ClassName=MotorDriver2 Member=Component C75 1uF
Added Member To Class: ClassName=MotorDriver2 Member=Component C76 1uF
Added Member To Class: ClassName=PowerSupply Member=Component C77 100uF
Added Member To Class: ClassName=PowerSupply Member=Component C78 100uF
Added Member To Class: ClassName=PowerSupply Member=Component C79 100uF
Added Member To Class: ClassName=PowerSupply Member=Component C80 10uF
Added Member To Class: ClassName=PowerSupply Member=Component C81 0.1uF
Added Member To Class: ClassName=PowerSupply Member=Component C82 1uF
Added Member To Class: ClassName=PowerSupply Member=Component C83 10uF
Added Member To Class: ClassName=PowerSupply Member=Component C84 0.1uF
Added Member To Class: ClassName=PowerSupply Member=Component C85 1uF
Added Member To Class: ClassName=PowerSupply Member=Component C86 10uF
Added Member To Class: ClassName=PowerSupply Member=Component C87 0.1uF
Added Member To Class: ClassName=PowerSupply Member=Component C88 1uF
Added Member To Class: ClassName=PowerSupply Member=Component C89 10uF
Added Member To Class: ClassName=PowerSupply Member=Component C90 0.1uF
Added Member To Class: ClassName=PowerSupply Member=Component C91 1uF
Added Member To Class: ClassName=Ethernet Member=Component D1 ESD3V3D9-TP
Added Member To Class: ClassName=Ethernet Member=Component D2 ESD3V3D9-TP
Added Member To Class: ClassName=Ethernet Member=Component D3 ESD3V3D9-TP
Added Member To Class: ClassName=Ethernet Member=Component D4 ESD3V3D9-TP
Added Member To Class: ClassName=PowerSupply Member=Component D5 MBRS130LT3G
Added Member To Class: ClassName=PowerSupply Member=Component D6 1.8V Zener
Added Member To Class: ClassName=PowerSupply Member=Component D7 MBRS130LT3G
Added Member To Class: ClassName=PowerSupply Member=Component D8 3.3V ZENER
Added Member To Class: ClassName=Ethernet Member=Component DS1 GREEN LED
Added Member To Class: ClassName=Ethernet Member=Component DS2 GREEN LED
Added Member To Class: ClassName=Ethernet Member=Component FB1 1K
Added Member To Class: ClassName=STM32F407 Member=Component FB2 1K
Added Member To Class: ClassName=ADC Member=Component FB3 1K
Added Member To Class: ClassName=DAC Member=Component FB4 1K
Added Member To Class: ClassName=Ethernet Member=Component J1 RJ45 LAN
Added Member To Class: ClassName=STM32F103_DEBUG Member=Component J2 USB2.0 MINI B
Added Member To Class: ClassName=STM32F103_DEBUG Member=Component J3 Bergstrip 2.54mm
Added Member To Class: ClassName=STM32F407 Member=Component J4 S4B-XH-A-1(LF)(SN)
Added Member To Class: ClassName=STM32F407 Member=Component J5 S4B-XH-A-1(LF)(SN)
Added Member To Class: ClassName=UART Member=Component J6 USB MICRO-B
Added Member To Class: ClassName=ADC Member=Component J7 S4B-XH-A-1(LF)(SN)
Added Member To Class: ClassName=DAC Member=Component J8 4X1 STEREO
Added Member To Class: ClassName=PowerSupply Member=Component J9 Terminal Block 2.5mm
Added Member To Class: ClassName=MotorDriver Member=Component MOTOR1 S2B-XH-A(LF)(SN)
Added Member To Class: ClassName=MotorDriver2 Member=Component MOTOR2 S2B-XH-A(LF)(SN)
Added Member To Class: ClassName=MotorDriver Member=Component Q1 AO3404A
Added Member To Class: ClassName=MotorDriver Member=Component Q2 AO3404A
Added Member To Class: ClassName=MotorDriver Member=Component Q3 AO3404A
Added Member To Class: ClassName=MotorDriver Member=Component Q4 AO3404A
Added Member To Class: ClassName=MotorDriver2 Member=Component Q5 AO3404A
Added Member To Class: ClassName=MotorDriver2 Member=Component Q6 AO3404A
Added Member To Class: ClassName=MotorDriver2 Member=Component Q7 AO3404A
Added Member To Class: ClassName=MotorDriver2 Member=Component Q8 AO3404A
Added Member To Class: ClassName=Ethernet Member=Component R1 10K
Added Member To Class: ClassName=Ethernet Member=Component R2 10K
Added Member To Class: ClassName=Ethernet Member=Component R3 10K
Added Member To Class: ClassName=Ethernet Member=Component R4 10K
Added Member To Class: ClassName=Ethernet Member=Component R5 6.49K
Added Member To Class: ClassName=Ethernet Member=Component R6 1M
Added Member To Class: ClassName=STM32F103_DEBUG Member=Component R7 2.7K
Added Member To Class: ClassName=STM32F103_DEBUG Member=Component R8 100KOHM
Added Member To Class: ClassName=STM32F103_DEBUG Member=Component R9 10K
Added Member To Class: ClassName=STM32F103_DEBUG Member=Component R10 100KOHM
Added Member To Class: ClassName=STM32F407 Member=Component R11 100K
Added Member To Class: ClassName=STM32F407 Member=Component R12 10K
Added Member To Class: ClassName=STM32F407 Member=Component R13 100K
Added Member To Class: ClassName=MotorDriver Member=Component R14 2.2R
Added Member To Class: ClassName=MotorDriver Member=Component R15 3.3K
Added Member To Class: ClassName=MotorDriver Member=Component R16 10K
Added Member To Class: ClassName=MotorDriver Member=Component R17 10K
Added Member To Class: ClassName=MotorDriver Member=Component R18 10K
Added Member To Class: ClassName=MotorDriver Member=Component R19 10K
Added Member To Class: ClassName=MotorDriver Member=Component R20 50mOHM
Added Member To Class: ClassName=MotorDriver Member=Component R21 33K
Added Member To Class: ClassName=MotorDriver Member=Component R22 10K
Added Member To Class: ClassName=MotorDriver Member=Component R23 10K
Added Member To Class: ClassName=MotorDriver Member=Component R24 10K
Added Member To Class: ClassName=MotorDriver Member=Component R25 10K
Added Member To Class: ClassName=ADC Member=Component R26 10K
Added Member To Class: ClassName=ADC Member=Component R27 10K
Added Member To Class: ClassName=DAC Member=Component R28 10K
Added Member To Class: ClassName=DAC Member=Component R29 51.1R
Added Member To Class: ClassName=DAC Member=Component R30 51.1R
Added Member To Class: ClassName=DAC Member=Component R31 2K
Added Member To Class: ClassName=DAC Member=Component R32 2K
Added Member To Class: ClassName=DAC Member=Component R33 10K
Added Member To Class: ClassName=MotorDriver2 Member=Component R34 2.2R
Added Member To Class: ClassName=MotorDriver2 Member=Component R35 3.3K
Added Member To Class: ClassName=MotorDriver2 Member=Component R36 10K
Added Member To Class: ClassName=MotorDriver2 Member=Component R37 10K
Added Member To Class: ClassName=MotorDriver2 Member=Component R38 10K
Added Member To Class: ClassName=MotorDriver2 Member=Component R39 10K
Added Member To Class: ClassName=MotorDriver2 Member=Component R40 50mOHM
Added Member To Class: ClassName=MotorDriver2 Member=Component R41 33K
Added Member To Class: ClassName=MotorDriver2 Member=Component R42 10K
Added Member To Class: ClassName=MotorDriver2 Member=Component R43 10K
Added Member To Class: ClassName=MotorDriver2 Member=Component R44 10K
Added Member To Class: ClassName=MotorDriver2 Member=Component R45 10K
Added Member To Class: ClassName=Ethernet Member=Component SW1 TACTILE SWITCH
Added Member To Class: ClassName=STM32F103_DEBUG Member=Component SW2 TACTILE SWITCH
Added Member To Class: ClassName=STM32F407 Member=Component SW3 TACTILE SWITCH
Added Member To Class: ClassName=ADC Member=Component SW4 TACTILE SWITCH
Added Member To Class: ClassName=Ethernet Member=Component U1 DP83826IRHBR
Added Member To Class: ClassName=STM32F103_DEBUG Member=Component U2 STM32F103C8T6
Added Member To Class: ClassName=STM32F407 Member=Component U3 STM32F407VGT6
Added Member To Class: ClassName=MotorDriver Member=Component U4 DRV8701ERGET
Added Member To Class: ClassName=UART Member=Component U5 CH340C
Added Member To Class: ClassName=ADC Member=Component U6 ADS122C04IPW
Added Member To Class: ClassName=DAC Member=Component U7 CS43L22-CNZ
Added Member To Class: ClassName=DAC Member=Component U8 IMP34DT05TR
Added Member To Class: ClassName=MotorDriver2 Member=Component U9 DRV8701ERGET
Added Member To Class: ClassName=PowerSupply Member=Component U10 LD1117S18TR
Added Member To Class: ClassName=PowerSupply Member=Component U11 LD1117S33CTR
Added Member To Class: ClassName=STM32F103_DEBUG Member=Component X1 8Mhz
Added Member To Class: ClassName=STM32F407 Member=Component X2 8Mhz
Added Member To Class: ClassName=Ethernet Member=Component Y1 25Mhz -14mm
Added Member To Class: ClassName=*50Ohms Member=Wire INT
Added Member To Class: ClassName=*50Ohms Member=Wire MDC
Added Member To Class: ClassName=*50Ohms Member=Wire MDIO
Added Member To Class: ClassName=*50Ohms Member=Wire RX_CLK
Added Member To Class: ClassName=*50Ohms Member=Wire RX_D0
Added Member To Class: ClassName=*50Ohms Member=Wire RX_D1
Added Member To Class: ClassName=*50Ohms Member=Wire RX_D2
Added Member To Class: ClassName=*50Ohms Member=Wire RX_D3
Added Member To Class: ClassName=*50Ohms Member=Wire RX_DV
Added Member To Class: ClassName=*50Ohms Member=Wire RX_ER
Added Member To Class: ClassName=*50Ohms Member=Wire TX_CLK
Added Member To Class: ClassName=*50Ohms Member=Wire TX_DO
Added Member To Class: ClassName=*50Ohms Member=Wire TX_EN
Added Member To Class: ClassName=*DIFF100 Member=TD
Added Member To Class: ClassName=*DIFF90 Member=usb
